sku_id,product_name,brand,category,sub_category,base_price,quality_score,price_tier,overpriced_flag,weak_listing_flag
耐克_0001,耐克轻氧速干T恤,耐克,运动户外,速干T恤,250.0,0.704,低价,True,False
耐克_0002,耐克新季运动背包,耐克,运动户外,运动背包,996.0,0.685,高价,False,False
耐克_0003,耐克云感运动裤,耐克,运动户外,运动裤,583.0,0.896,中价,False,False
耐克_0004,耐克复古速干T恤,耐克,运动户外,速干T恤,547.0,0.788,中价,False,False
耐克_0005,耐克科技感速干T恤,耐克,运动户外,速干T恤,362.0,0.611,低价,True,False
耐克_0006,耐克微风训练鞋,耐克,运动户外,训练鞋,600.0,0.855,中价,False,False
耐克_0007,耐克暖阳冲锋衣,耐克,运动户外,冲锋衣,306.0,0.686,低价,False,False
耐克_0008,耐克新季运动裤,耐克,运动户外,运动裤,464.0,0.438,低价,True,False
耐克_0009,耐克耐磨瑜伽服,耐克,运动户外,瑜伽服,810.0,0.469,中价,False,True
耐克_0010,耐克复古冲锋衣,耐克,运动户外,冲锋衣,220.0,0.584,低价,False,False
耐克_0011,耐克复古运动裤,耐克,运动户外,运动裤,434.0,0.545,低价,False,False
耐克_0012,耐克新季训练鞋,耐克,运动户外,训练鞋,235.0,0.428,低价,True,False
耐克_0013,耐克科技感泳装,耐克,运动户外,泳装,820.0,0.897,中价,False,True
耐克_0014,耐克轻氧运动背包,耐克,运动户外,运动背包,865.0,0.619,中价,False,False
耐克_0015,耐克防滑登山鞋,耐克,运动户外,登山鞋,235.0,0.516,低价,False,False
耐克_0016,耐克百搭羽绒服,耐克,运动户外,羽绒服,615.0,0.631,中价,True,False
耐克_0017,耐克经典登山鞋,耐克,运动户外,登山鞋,903.0,0.561,中价,False,False
耐克_0018,耐克极简羽绒服,耐克,运动户外,羽绒服,723.0,0.383,中价,True,False
耐克_0019,耐克透气速干T恤,耐克,运动户外,速干T恤,1007.0,0.572,高价,False,False
耐克_0020,耐克光感速干T恤,耐克,运动户外,速干T恤,735.0,0.821,中价,True,False
耐克_0021,耐克耐磨羽绒服,耐克,运动户外,羽绒服,535.0,0.606,中价,False,False
耐克_0022,耐克微风运动背包,耐克,运动户外,运动背包,967.0,0.437,高价,False,True
耐克_0023,耐克复古泳装,耐克,运动户外,泳装,622.0,0.856,中价,True,False
耐克_0024,耐克透气速干T恤,耐克,运动户外,速干T恤,874.0,0.558,中价,False,False
耐克_0025,耐克复古速干T恤,耐克,运动户外,速干T恤,533.0,0.522,中价,True,False
耐克_0026,耐克耐磨运动背包,耐克,运动户外,运动背包,620.0,0.739,中价,False,False
耐克_0027,耐克科技感羽绒服,耐克,运动户外,羽绒服,320.0,0.675,低价,False,False
耐克_0028,耐克暖阳运动裤,耐克,运动户外,运动裤,723.0,0.58,中价,False,False
耐克_0029,耐克新季冲锋衣,耐克,运动户外,冲锋衣,597.0,0.804,中价,False,False
耐克_0030,耐克暖阳运动背包,耐克,运动户外,运动背包,901.0,0.512,中价,False,False
耐克_0031,耐克极简运动裤,耐克,运动户外,运动裤,383.0,0.777,低价,False,False
耐克_0032,耐克百搭训练鞋,耐克,运动户外,训练鞋,370.0,0.507,低价,False,False
耐克_0033,耐克光感泳装,耐克,运动户外,泳装,1226.0,0.608,高价,False,False
耐克_0034,耐克光感登山鞋,耐克,运动户外,登山鞋,323.0,0.563,低价,True,False
耐克_0035,耐克经典羽绒服,耐克,运动户外,羽绒服,541.0,0.422,中价,True,False
耐克_0036,耐克暖阳运动背包,耐克,运动户外,运动背包,405.0,0.378,低价,True,True
耐克_0037,耐克轻量户外凉鞋,耐克,运动户外,户外凉鞋,1113.0,0.254,高价,False,False
耐克_0038,耐克新季瑜伽服,耐克,运动户外,瑜伽服,1236.0,0.797,高价,False,False
耐克_0039,耐克减震登山鞋,耐克,运动户外,登山鞋,783.0,0.693,中价,False,False
耐克_0040,耐克百搭训练鞋,耐克,运动户外,训练鞋,316.0,0.302,低价,False,True
耐克_0041,耐克新季瑜伽服,耐克,运动户外,瑜伽服,361.0,0.678,低价,False,False
耐克_0042,耐克微风羽绒服,耐克,运动户外,羽绒服,323.0,0.509,低价,False,False
耐克_0043,耐克微风运动裤,耐克,运动户外,运动裤,539.0,0.618,中价,False,False
耐克_0044,耐克透气羽绒服,耐克,运动户外,羽绒服,891.0,0.481,中价,False,False
耐克_0045,耐克暖阳运动背包,耐克,运动户外,运动背包,478.0,0.439,低价,True,False
耐克_0046,耐克科技感运动裤,耐克,运动户外,运动裤,1197.0,0.511,高价,False,False
耐克_0047,耐克经典羽绒服,耐克,运动户外,羽绒服,672.0,0.449,中价,False,False
耐克_0048,耐克透气泳装,耐克,运动户外,泳装,569.0,0.724,中价,False,False
耐克_0049,耐克云感泳装,耐克,运动户外,泳装,498.0,0.654,低价,True,False
耐克_0050,耐克云感运动背包,耐克,运动户外,运动背包,642.0,0.587,中价,False,False
耐克_0051,耐克复古运动裤,耐克,运动户外,运动裤,551.0,0.614,中价,False,False
耐克_0052,耐克百搭瑜伽服,耐克,运动户外,瑜伽服,767.0,0.801,中价,True,True
耐克_0053,耐克防滑户外凉鞋,耐克,运动户外,户外凉鞋,1058.0,0.67,高价,False,False
耐克_0054,耐克透气户外凉鞋,耐克,运动户外,户外凉鞋,692.0,0.758,中价,False,True
耐克_0055,耐克新季羽绒服,耐克,运动户外,羽绒服,238.0,0.616,低价,False,False
耐克_0056,耐克限定登山鞋,耐克,运动户外,登山鞋,1000.0,0.62,高价,False,True
耐克_0057,耐克暖阳泳装,耐克,运动户外,泳装,902.0,0.647,中价,False,False
耐克_0058,耐克极简冲锋衣,耐克,运动户外,冲锋衣,931.0,0.371,高价,False,False
耐克_0059,耐克轻量登山鞋,耐克,运动户外,登山鞋,352.0,0.284,低价,False,False
耐克_0060,耐克耐磨训练鞋,耐克,运动户外,训练鞋,1178.0,0.489,高价,False,False
耐克_0061,耐克透气速干T恤,耐克,运动户外,速干T恤,931.0,0.906,高价,True,False
耐克_0062,耐克耐磨训练鞋,耐克,运动户外,训练鞋,1094.0,0.64,高价,False,False
耐克_0063,耐克限定泳装,耐克,运动户外,泳装,1009.0,0.63,高价,False,False
耐克_0064,耐克复古运动背包,耐克,运动户外,运动背包,667.0,0.578,中价,True,False
耐克_0065,耐克极简冲锋衣,耐克,运动户外,冲锋衣,745.0,0.756,中价,False,False
耐克_0066,耐克百搭瑜伽服,耐克,运动户外,瑜伽服,204.0,0.526,低价,False,False
耐克_0067,耐克极简羽绒服,耐克,运动户外,羽绒服,831.0,0.828,中价,False,False
耐克_0068,耐克防滑运动背包,耐克,运动户外,运动背包,656.0,0.42,中价,False,False
耐克_0069,耐克减震登山鞋,耐克,运动户外,登山鞋,1096.0,0.796,高价,False,False
耐克_0070,耐克百搭冲锋衣,耐克,运动户外,冲锋衣,351.0,0.697,低价,False,False
耐克_0071,耐克轻量瑜伽服,耐克,运动户外,瑜伽服,560.0,0.791,中价,False,False
耐克_0072,耐克极简瑜伽服,耐克,运动户外,瑜伽服,268.0,0.656,低价,False,False
耐克_0073,耐克限定运动背包,耐克,运动户外,运动背包,282.0,0.273,低价,False,False
耐克_0074,耐克经典户外凉鞋,耐克,运动户外,户外凉鞋,622.0,0.752,中价,False,False
耐克_0075,耐克光感登山鞋,耐克,运动户外,登山鞋,790.0,0.73,中价,False,False
耐克_0076,耐克复古登山鞋,耐克,运动户外,登山鞋,578.0,0.764,中价,False,False
耐克_0077,耐克轻氧瑜伽服,耐克,运动户外,瑜伽服,280.0,0.877,低价,False,False
耐克_0078,耐克都市户外凉鞋,耐克,运动户外,户外凉鞋,957.0,0.686,高价,False,False
耐克_0079,耐克轻氧泳装,耐克,运动户外,泳装,887.0,0.628,中价,False,False
耐克_0080,耐克光感速干T恤,耐克,运动户外,速干T恤,724.0,0.79,中价,False,True
耐克_0081,耐克新季运动背包,耐克,运动户外,运动背包,734.0,0.609,中价,True,False
耐克_0082,耐克新季冲锋衣,耐克,运动户外,冲锋衣,822.0,0.291,中价,False,False
耐克_0083,耐克暖阳户外凉鞋,耐克,运动户外,户外凉鞋,962.0,0.486,高价,False,False
耐克_0084,耐克户外款速干T恤,耐克,运动户外,速干T恤,968.0,0.601,高价,False,False
耐克_0085,耐克复古速干T恤,耐克,运动户外,速干T恤,667.0,0.563,中价,False,False
耐克_0086,耐克云感登山鞋,耐克,运动户外,登山鞋,446.0,0.878,低价,False,False
耐克_0087,耐克复古泳装,耐克,运动户外,泳装,574.0,0.397,中价,False,False
耐克_0088,耐克百搭登山鞋,耐克,运动户外,登山鞋,873.0,0.291,中价,False,False
耐克_0089,耐克耐磨瑜伽服,耐克,运动户外,瑜伽服,823.0,0.473,中价,False,False
耐克_0090,耐克经典训练鞋,耐克,运动户外,训练鞋,275.0,0.576,低价,False,False
阿迪达斯_0001,阿迪达斯经典瑜伽服,阿迪达斯,运动户外,瑜伽服,244.0,0.456,低价,False,False
阿迪达斯_0002,阿迪达斯透气运动背包,阿迪达斯,运动户外,运动背包,671.0,0.72,中价,False,True
阿迪达斯_0003,阿迪达斯减震羽绒服,阿迪达斯,运动户外,羽绒服,1096.0,0.615,高价,False,False
阿迪达斯_0004,阿迪达斯减震瑜伽服,阿迪达斯,运动户外,瑜伽服,1005.0,0.508,高价,True,False
阿迪达斯_0005,阿迪达斯新季速干T恤,阿迪达斯,运动户外,速干T恤,511.0,0.569,中价,False,False
阿迪达斯_0006,阿迪达斯暖阳运动裤,阿迪达斯,运动户外,运动裤,968.0,0.848,高价,False,False
阿迪达斯_0007,阿迪达斯轻氧羽绒服,阿迪达斯,运动户外,羽绒服,340.0,0.46,低价,False,False
阿迪达斯_0008,阿迪达斯复古户外凉鞋,阿迪达斯,运动户外,户外凉鞋,555.0,0.233,中价,False,False
阿迪达斯_0009,阿迪达斯科技感运动裤,阿迪达斯,运动户外,运动裤,566.0,0.444,中价,False,False
阿迪达斯_0010,阿迪达斯轻氧运动裤,阿迪达斯,运动户外,运动裤,424.0,0.647,低价,False,False
阿迪达斯_0011,阿迪达斯微风速干T恤,阿迪达斯,运动户外,速干T恤,450.0,0.405,低价,False,False
阿迪达斯_0012,阿迪达斯暖阳运动裤,阿迪达斯,运动户外,运动裤,406.0,0.543,低价,False,True
阿迪达斯_0013,阿迪达斯都市冲锋衣,阿迪达斯,运动户外,冲锋衣,431.0,0.704,低价,False,False
阿迪达斯_0014,阿迪达斯限定速干T恤,阿迪达斯,运动户外,速干T恤,1139.0,0.534,高价,False,False
阿迪达斯_0015,阿迪达斯百搭运动裤,阿迪达斯,运动户外,运动裤,252.0,0.51,低价,True,False
阿迪达斯_0016,阿迪达斯经典泳装,阿迪达斯,运动户外,泳装,268.0,0.474,低价,False,False
阿迪达斯_0017,阿迪达斯云感瑜伽服,阿迪达斯,运动户外,瑜伽服,596.0,0.799,中价,False,False
阿迪达斯_0018,阿迪达斯科技感户外凉鞋,阿迪达斯,运动户外,户外凉鞋,642.0,0.786,中价,True,False
阿迪达斯_0019,阿迪达斯新季泳装,阿迪达斯,运动户外,泳装,1193.0,0.88,高价,False,False
阿迪达斯_0020,阿迪达斯防滑泳装,阿迪达斯,运动户外,泳装,722.0,0.683,中价,False,False
阿迪达斯_0021,阿迪达斯极简运动裤,阿迪达斯,运动户外,运动裤,554.0,0.479,中价,False,False
阿迪达斯_0022,阿迪达斯防滑速干T恤,阿迪达斯,运动户外,速干T恤,521.0,0.801,中价,False,False
阿迪达斯_0023,阿迪达斯防滑羽绒服,阿迪达斯,运动户外,羽绒服,361.0,0.768,低价,False,False
阿迪达斯_0024,阿迪达斯减震训练鞋,阿迪达斯,运动户外,训练鞋,369.0,0.607,低价,True,False
阿迪达斯_0025,阿迪达斯极简冲锋衣,阿迪达斯,运动户外,冲锋衣,410.0,0.559,低价,False,False
阿迪达斯_0026,阿迪达斯透气冲锋衣,阿迪达斯,运动户外,冲锋衣,588.0,0.453,中价,False,False
阿迪达斯_0027,阿迪达斯极简羽绒服,阿迪达斯,运动户外,羽绒服,801.0,0.583,中价,False,False
阿迪达斯_0028,阿迪达斯经典运动裤,阿迪达斯,运动户外,运动裤,570.0,0.59,中价,False,False
阿迪达斯_0029,阿迪达斯复古运动裤,阿迪达斯,运动户外,运动裤,816.0,0.625,中价,True,False
阿迪达斯_0030,阿迪达斯云感泳装,阿迪达斯,运动户外,泳装,958.0,0.663,高价,False,True
阿迪达斯_0031,阿迪达斯轻量训练鞋,阿迪达斯,运动户外,训练鞋,612.0,0.757,中价,False,True
阿迪达斯_0032,阿迪达斯减震运动背包,阿迪达斯,运动户外,运动背包,805.0,0.41,中价,False,False
阿迪达斯_0033,阿迪达斯暖阳运动裤,阿迪达斯,运动户外,运动裤,845.0,0.645,中价,False,False
阿迪达斯_0034,阿迪达斯复古泳装,阿迪达斯,运动户外,泳装,1117.0,0.466,高价,False,False
阿迪达斯_0035,阿迪达斯微风速干T恤,阿迪达斯,运动户外,速干T恤,279.0,0.658,低价,False,True
阿迪达斯_0036,阿迪达斯轻氧瑜伽服,阿迪达斯,运动户外,瑜伽服,569.0,0.61,中价,False,False
阿迪达斯_0037,阿迪达斯新季速干T恤,阿迪达斯,运动户外,速干T恤,709.0,0.529,中价,False,False
阿迪达斯_0038,阿迪达斯防滑登山鞋,阿迪达斯,运动户外,登山鞋,574.0,0.589,中价,False,False
阿迪达斯_0039,阿迪达斯户外款泳装,阿迪达斯,运动户外,泳装,1158.0,0.768,高价,False,False
阿迪达斯_0040,阿迪达斯透气运动裤,阿迪达斯,运动户外,运动裤,436.0,0.575,低价,False,False
阿迪达斯_0041,阿迪达斯轻量冲锋衣,阿迪达斯,运动户外,冲锋衣,939.0,0.368,高价,True,False
阿迪达斯_0042,阿迪达斯轻氧训练鞋,阿迪达斯,运动户外,训练鞋,523.0,0.755,中价,False,False
阿迪达斯_0043,阿迪达斯百搭训练鞋,阿迪达斯,运动户外,训练鞋,396.0,0.675,低价,True,False
阿迪达斯_0044,阿迪达斯舒适款泳装,阿迪达斯,运动户外,泳装,394.0,0.511,低价,False,False
阿迪达斯_0045,阿迪达斯复古训练鞋,阿迪达斯,运动户外,训练鞋,1096.0,0.49,高价,False,False
阿迪达斯_0046,阿迪达斯云感泳装,阿迪达斯,运动户外,泳装,1154.0,0.571,高价,True,False
阿迪达斯_0047,阿迪达斯舒适款运动裤,阿迪达斯,运动户外,运动裤,1140.0,0.546,高价,False,True
阿迪达斯_0048,阿迪达斯微风运动裤,阿迪达斯,运动户外,运动裤,381.0,0.51,低价,False,False
阿迪达斯_0049,阿迪达斯复古户外凉鞋,阿迪达斯,运动户外,户外凉鞋,381.0,0.606,低价,False,True
阿迪达斯_0050,阿迪达斯都市冲锋衣,阿迪达斯,运动户外,冲锋衣,516.0,0.818,中价,False,False
阿迪达斯_0051,阿迪达斯微风冲锋衣,阿迪达斯,运动户外,冲锋衣,196.0,0.733,低价,False,False
阿迪达斯_0052,阿迪达斯户外款户外凉鞋,阿迪达斯,运动户外,户外凉鞋,996.0,0.748,高价,False,False
阿迪达斯_0053,阿迪达斯限定瑜伽服,阿迪达斯,运动户外,瑜伽服,723.0,0.883,中价,False,False
阿迪达斯_0054,阿迪达斯微风登山鞋,阿迪达斯,运动户外,登山鞋,633.0,0.622,中价,False,False
阿迪达斯_0055,阿迪达斯暖阳瑜伽服,阿迪达斯,运动户外,瑜伽服,386.0,0.66,低价,False,False
阿迪达斯_0056,阿迪达斯暖阳登山鞋,阿迪达斯,运动户外,登山鞋,1115.0,0.626,高价,False,False
阿迪达斯_0057,阿迪达斯暖阳户外凉鞋,阿迪达斯,运动户外,户外凉鞋,533.0,0.656,中价,True,False
阿迪达斯_0058,阿迪达斯透气运动裤,阿迪达斯,运动户外,运动裤,587.0,0.71,中价,False,False
阿迪达斯_0059,阿迪达斯科技感速干T恤,阿迪达斯,运动户外,速干T恤,400.0,0.525,低价,False,False
阿迪达斯_0060,阿迪达斯科技感运动裤,阿迪达斯,运动户外,运动裤,896.0,0.454,高价,False,False
阿迪达斯_0061,阿迪达斯微风户外凉鞋,阿迪达斯,运动户外,户外凉鞋,523.0,0.663,中价,False,True
阿迪达斯_0062,阿迪达斯暖阳户外凉鞋,阿迪达斯,运动户外,户外凉鞋,775.0,0.779,中价,False,False
阿迪达斯_0063,阿迪达斯科技感训练鞋,阿迪达斯,运动户外,训练鞋,864.0,0.419,高价,False,False
阿迪达斯_0064,阿迪达斯限定户外凉鞋,阿迪达斯,运动户外,户外凉鞋,874.0,0.612,高价,False,False
阿迪达斯_0065,阿迪达斯百搭羽绒服,阿迪达斯,运动户外,羽绒服,521.0,0.445,中价,True,False
阿迪达斯_0066,阿迪达斯都市运动裤,阿迪达斯,运动户外,运动裤,244.0,0.605,低价,False,False
阿迪达斯_0067,阿迪达斯百搭运动裤,阿迪达斯,运动户外,运动裤,1190.0,0.461,高价,False,False
阿迪达斯_0068,阿迪达斯云感训练鞋,阿迪达斯,运动户外,训练鞋,755.0,0.714,中价,False,False
阿迪达斯_0069,阿迪达斯减震运动背包,阿迪达斯,运动户外,运动背包,664.0,0.385,中价,False,False
阿迪达斯_0070,阿迪达斯暖阳羽绒服,阿迪达斯,运动户外,羽绒服,378.0,0.653,低价,False,False
阿迪达斯_0071,阿迪达斯减震冲锋衣,阿迪达斯,运动户外,冲锋衣,483.0,0.362,低价,False,False
阿迪达斯_0072,阿迪达斯科技感户外凉鞋,阿迪达斯,运动户外,户外凉鞋,619.0,0.59,中价,False,False
阿迪达斯_0073,阿迪达斯暖阳速干T恤,阿迪达斯,运动户外,速干T恤,483.0,0.786,低价,False,False
阿迪达斯_0074,阿迪达斯经典瑜伽服,阿迪达斯,运动户外,瑜伽服,998.0,0.732,高价,False,False
阿迪达斯_0075,阿迪达斯百搭瑜伽服,阿迪达斯,运动户外,瑜伽服,727.0,0.53,中价,False,False
阿迪达斯_0076,阿迪达斯光感登山鞋,阿迪达斯,运动户外,登山鞋,271.0,0.455,低价,True,False
阿迪达斯_0077,阿迪达斯新季速干T恤,阿迪达斯,运动户外,速干T恤,507.0,0.562,中价,True,False
阿迪达斯_0078,阿迪达斯舒适款羽绒服,阿迪达斯,运动户外,羽绒服,665.0,0.502,中价,False,False
阿迪达斯_0079,阿迪达斯减震登山鞋,阿迪达斯,运动户外,登山鞋,835.0,0.526,中价,True,False
阿迪达斯_0080,阿迪达斯舒适款瑜伽服,阿迪达斯,运动户外,瑜伽服,1179.0,0.538,高价,False,False
阿迪达斯_0081,阿迪达斯限定户外凉鞋,阿迪达斯,运动户外,户外凉鞋,1089.0,0.631,高价,False,False
阿迪达斯_0082,阿迪达斯复古冲锋衣,阿迪达斯,运动户外,冲锋衣,845.0,0.537,中价,True,False
阿迪达斯_0083,阿迪达斯极简运动背包,阿迪达斯,运动户外,运动背包,803.0,0.446,中价,False,False
阿迪达斯_0084,阿迪达斯百搭登山鞋,阿迪达斯,运动户外,登山鞋,781.0,0.6,中价,True,False
阿迪达斯_0085,阿迪达斯极简速干T恤,阿迪达斯,运动户外,速干T恤,629.0,0.836,中价,False,False
安德玛_0001,安德玛云感瑜伽服,安德玛,运动户外,瑜伽服,479.0,0.257,中价,False,False
安德玛_0002,安德玛舒适款运动背包,安德玛,运动户外,运动背包,538.0,0.88,中价,False,False
安德玛_0003,安德玛经典户外凉鞋,安德玛,运动户外,户外凉鞋,656.0,0.321,高价,False,False
安德玛_0004,安德玛经典羽绒服,安德玛,运动户外,羽绒服,337.0,0.876,低价,False,False
安德玛_0005,安德玛限定运动背包,安德玛,运动户外,运动背包,199.0,0.767,低价,False,False
安德玛_0006,安德玛百搭泳装,安德玛,运动户外,泳装,373.0,0.796,低价,False,False
安德玛_0007,安德玛暖阳冲锋衣,安德玛,运动户外,冲锋衣,593.0,0.652,中价,False,False
安德玛_0008,安德玛百搭训练鞋,安德玛,运动户外,训练鞋,732.0,0.797,高价,False,False
安德玛_0009,安德玛轻氧冲锋衣,安德玛,运动户外,冲锋衣,297.0,0.812,低价,False,False
安德玛_0010,安德玛云感羽绒服,安德玛,运动户外,羽绒服,164.0,0.673,低价,False,False
安德玛_0011,安德玛轻量运动背包,安德玛,运动户外,运动背包,637.0,0.752,中价,True,False
安德玛_0012,安德玛复古泳装,安德玛,运动户外,泳装,673.0,0.262,高价,True,False
安德玛_0013,安德玛复古训练鞋,安德玛,运动户外,训练鞋,690.0,0.63,高价,False,False
安德玛_0014,安德玛极简冲锋衣,安德玛,运动户外,冲锋衣,701.0,0.609,高价,False,False
安德玛_0015,安德玛云感速干T恤,安德玛,运动户外,速干T恤,638.0,0.852,中价,False,False
安德玛_0016,安德玛微风瑜伽服,安德玛,运动户外,瑜伽服,685.0,0.767,高价,False,False
安德玛_0017,安德玛科技感羽绒服,安德玛,运动户外,羽绒服,307.0,0.646,低价,False,False
安德玛_0018,安德玛云感瑜伽服,安德玛,运动户外,瑜伽服,780.0,0.704,高价,False,False
安德玛_0019,安德玛云感训练鞋,安德玛,运动户外,训练鞋,843.0,0.573,高价,False,True
安德玛_0020,安德玛舒适款冲锋衣,安德玛,运动户外,冲锋衣,783.0,0.719,高价,False,False
安德玛_0021,安德玛微风羽绒服,安德玛,运动户外,羽绒服,638.0,0.411,中价,False,False
安德玛_0022,安德玛经典羽绒服,安德玛,运动户外,羽绒服,865.0,0.816,高价,False,False
安德玛_0023,安德玛极简运动裤,安德玛,运动户外,运动裤,471.0,0.651,中价,False,False
安德玛_0024,安德玛复古羽绒服,安德玛,运动户外,羽绒服,426.0,0.551,中价,False,False
安德玛_0025,安德玛耐磨训练鞋,安德玛,运动户外,训练鞋,373.0,0.788,低价,False,False
安德玛_0026,安德玛新季登山鞋,安德玛,运动户外,登山鞋,301.0,0.606,低价,False,False
安德玛_0027,安德玛轻量登山鞋,安德玛,运动户外,登山鞋,655.0,0.402,高价,False,False
安德玛_0028,安德玛轻氧训练鞋,安德玛,运动户外,训练鞋,272.0,0.829,低价,False,False
安德玛_0029,安德玛都市登山鞋,安德玛,运动户外,登山鞋,415.0,0.471,中价,False,False
安德玛_0030,安德玛新季训练鞋,安德玛,运动户外,训练鞋,580.0,0.645,中价,True,False
安德玛_0031,安德玛轻量运动背包,安德玛,运动户外,运动背包,162.0,0.484,低价,False,False
安德玛_0032,安德玛透气速干T恤,安德玛,运动户外,速干T恤,499.0,0.678,中价,False,True
安德玛_0033,安德玛户外款冲锋衣,安德玛,运动户外,冲锋衣,478.0,0.75,中价,False,False
安德玛_0034,安德玛经典运动裤,安德玛,运动户外,运动裤,447.0,0.636,中价,False,True
安德玛_0035,安德玛光感泳装,安德玛,运动户外,泳装,805.0,0.478,高价,False,True
安德玛_0036,安德玛新季运动背包,安德玛,运动户外,运动背包,392.0,0.499,中价,True,False
安德玛_0037,安德玛轻氧运动裤,安德玛,运动户外,运动裤,552.0,0.767,中价,False,False
安德玛_0038,安德玛透气运动裤,安德玛,运动户外,运动裤,177.0,0.359,低价,False,False
安德玛_0039,安德玛百搭羽绒服,安德玛,运动户外,羽绒服,296.0,0.87,低价,False,False
安德玛_0040,安德玛百搭速干T恤,安德玛,运动户外,速干T恤,532.0,0.833,中价,False,False
安德玛_0041,安德玛限定羽绒服,安德玛,运动户外,羽绒服,242.0,0.767,低价,False,False
安德玛_0042,安德玛复古训练鞋,安德玛,运动户外,训练鞋,455.0,0.57,中价,False,False
安德玛_0043,安德玛轻氧羽绒服,安德玛,运动户外,羽绒服,599.0,0.63,中价,False,False
安德玛_0044,安德玛百搭速干T恤,安德玛,运动户外,速干T恤,651.0,0.641,高价,False,False
安德玛_0045,安德玛科技感登山鞋,安德玛,运动户外,登山鞋,830.0,0.558,高价,False,False
安德玛_0046,安德玛微风运动背包,安德玛,运动户外,运动背包,805.0,0.621,高价,False,False
安德玛_0047,安德玛耐磨速干T恤,安德玛,运动户外,速干T恤,282.0,0.435,低价,False,False
安德玛_0048,安德玛光感训练鞋,安德玛,运动户外,训练鞋,328.0,0.373,低价,True,False
安德玛_0049,安德玛防滑羽绒服,安德玛,运动户外,羽绒服,227.0,0.584,低价,False,False
安德玛_0050,安德玛限定户外凉鞋,安德玛,运动户外,户外凉鞋,482.0,0.461,中价,False,False
安德玛_0051,安德玛透气速干T恤,安德玛,运动户外,速干T恤,290.0,0.816,低价,False,False
安德玛_0052,安德玛经典户外凉鞋,安德玛,运动户外,户外凉鞋,556.0,0.568,中价,False,False
安德玛_0053,安德玛微风运动背包,安德玛,运动户外,运动背包,333.0,0.872,低价,False,False
安德玛_0054,安德玛轻氧训练鞋,安德玛,运动户外,训练鞋,404.0,0.795,中价,False,False
安德玛_0055,安德玛复古瑜伽服,安德玛,运动户外,瑜伽服,412.0,0.764,中价,False,False
Reebok_0001,Reebok光感运动裤,Reebok,运动户外,运动裤,420.0,0.584,中价,True,True
Reebok_0002,Reebok暖阳训练鞋,Reebok,运动户外,训练鞋,630.0,0.753,高价,False,False
Reebok_0003,Reebok耐磨羽绒服,Reebok,运动户外,羽绒服,374.0,0.333,中价,True,False
Reebok_0004,Reebok极简羽绒服,Reebok,运动户外,羽绒服,268.0,0.36,低价,True,False
Reebok_0005,Reebok限定运动背包,Reebok,运动户外,运动背包,326.0,0.599,低价,False,False
Reebok_0006,Reebok防滑运动背包,Reebok,运动户外,运动背包,352.0,0.417,中价,True,False
Reebok_0007,Reebok透气羽绒服,Reebok,运动户外,羽绒服,576.0,0.923,高价,False,False
Reebok_0008,Reebok复古运动背包,Reebok,运动户外,运动背包,630.0,0.89,高价,False,False
Reebok_0009,Reebok经典登山鞋,Reebok,运动户外,登山鞋,171.0,0.508,低价,False,False
Reebok_0010,Reebok透气训练鞋,Reebok,运动户外,训练鞋,317.0,0.604,低价,False,True
Reebok_0011,Reebok耐磨登山鞋,Reebok,运动户外,登山鞋,382.0,0.833,中价,False,False
Reebok_0012,Reebok舒适款户外凉鞋,Reebok,运动户外,户外凉鞋,358.0,0.929,中价,False,False
Reebok_0013,Reebok复古训练鞋,Reebok,运动户外,训练鞋,297.0,0.617,低价,False,False
Reebok_0014,Reebok舒适款冲锋衣,Reebok,运动户外,冲锋衣,350.0,0.586,中价,True,False
Reebok_0015,Reebok经典运动背包,Reebok,运动户外,运动背包,531.0,0.461,中价,False,False
Reebok_0016,Reebok科技感训练鞋,Reebok,运动户外,训练鞋,488.0,0.839,中价,False,False
Reebok_0017,Reebok都市户外凉鞋,Reebok,运动户外,户外凉鞋,416.0,0.527,中价,False,False
Reebok_0018,Reebok减震泳装,Reebok,运动户外,泳装,379.0,0.659,中价,False,False
Reebok_0019,Reebok经典泳装,Reebok,运动户外,泳装,723.0,0.453,高价,False,False
Reebok_0020,Reebok户外款瑜伽服,Reebok,运动户外,瑜伽服,464.0,0.48,中价,False,False
Reebok_0021,Reebok暖阳登山鞋,Reebok,运动户外,登山鞋,695.0,0.705,高价,False,False
Reebok_0022,Reebok限定运动背包,Reebok,运动户外,运动背包,532.0,0.766,中价,False,False
Reebok_0023,Reebok都市户外凉鞋,Reebok,运动户外,户外凉鞋,217.0,0.648,低价,False,False
Reebok_0024,Reebok新季速干T恤,Reebok,运动户外,速干T恤,567.0,0.566,中价,False,False
Reebok_0025,Reebok新季运动背包,Reebok,运动户外,运动背包,316.0,0.333,低价,False,False
Reebok_0026,Reebok云感运动裤,Reebok,运动户外,运动裤,190.0,0.87,低价,True,False
Reebok_0027,Reebok微风冲锋衣,Reebok,运动户外,冲锋衣,495.0,0.664,中价,False,False
Reebok_0028,Reebok户外款运动裤,Reebok,运动户外,运动裤,541.0,0.468,中价,False,False
Reebok_0029,Reebok暖阳户外凉鞋,Reebok,运动户外,户外凉鞋,316.0,0.588,低价,False,False
Reebok_0030,Reebok防滑泳装,Reebok,运动户外,泳装,413.0,0.629,中价,False,False
Reebok_0031,Reebok经典户外凉鞋,Reebok,运动户外,户外凉鞋,240.0,0.443,低价,False,False
Reebok_0032,Reebok户外款训练鞋,Reebok,运动户外,训练鞋,765.0,0.682,高价,False,False
Reebok_0033,Reebok新季训练鞋,Reebok,运动户外,训练鞋,570.0,0.649,中价,False,False
Reebok_0034,Reebok轻氧登山鞋,Reebok,运动户外,登山鞋,533.0,0.488,中价,False,False
Reebok_0035,Reebok防滑速干T恤,Reebok,运动户外,速干T恤,481.0,0.19,中价,False,False
Reebok_0036,Reebok轻量运动裤,Reebok,运动户外,运动裤,249.0,0.625,低价,True,False
Reebok_0037,Reebok减震瑜伽服,Reebok,运动户外,瑜伽服,459.0,0.823,中价,False,True
Reebok_0038,Reebok复古冲锋衣,Reebok,运动户外,冲锋衣,203.0,0.757,低价,False,False
Reebok_0039,Reebok极简运动裤,Reebok,运动户外,运动裤,250.0,0.469,低价,True,True
Reebok_0040,Reebok云感泳装,Reebok,运动户外,泳装,411.0,0.714,中价,False,False
Reebok_0041,Reebok限定泳装,Reebok,运动户外,泳装,543.0,0.761,中价,False,False
Reebok_0042,Reebok耐磨瑜伽服,Reebok,运动户外,瑜伽服,734.0,0.789,高价,False,False
Reebok_0043,Reebok减震羽绒服,Reebok,运动户外,羽绒服,500.0,0.559,中价,True,False
Reebok_0044,Reebok限定户外凉鞋,Reebok,运动户外,户外凉鞋,360.0,0.456,中价,True,False
Reebok_0045,Reebok复古训练鞋,Reebok,运动户外,训练鞋,346.0,0.593,中价,False,False
Speedo_0001,Speedo轻量泳装,Speedo,运动户外,泳装,436.0,0.69,高价,False,False
Speedo_0002,Speedo减震泳装,Speedo,运动户外,泳装,257.0,0.662,中价,True,False
Speedo_0003,Speedo新季运动背包,Speedo,运动户外,运动背包,324.0,0.843,中价,False,False
Speedo_0004,Speedo限定运动背包,Speedo,运动户外,运动背包,574.0,0.807,高价,False,False
Speedo_0005,Speedo新季泳装,Speedo,运动户外,泳装,369.0,0.903,中价,False,False
Speedo_0006,Speedo减震运动背包,Speedo,运动户外,运动背包,103.0,0.533,低价,False,False
Speedo_0007,Speedo舒适款速干T恤,Speedo,运动户外,速干T恤,355.0,0.603,中价,False,False
Speedo_0008,Speedo百搭运动裤,Speedo,运动户外,运动裤,254.0,0.594,中价,False,False
Speedo_0009,Speedo都市羽绒服,Speedo,运动户外,羽绒服,103.0,0.603,低价,False,False
Speedo_0010,Speedo暖阳瑜伽服,Speedo,运动户外,瑜伽服,232.0,0.73,低价,False,False
Speedo_0011,Speedo云感登山鞋,Speedo,运动户外,登山鞋,276.0,0.561,中价,False,False
Speedo_0012,Speedo透气运动裤,Speedo,运动户外,运动裤,128.0,0.634,低价,True,False
Speedo_0013,Speedo经典登山鞋,Speedo,运动户外,登山鞋,359.0,0.277,中价,False,False
Speedo_0014,Speedo防滑速干T恤,Speedo,运动户外,速干T恤,256.0,0.505,中价,False,False
Speedo_0015,Speedo都市训练鞋,Speedo,运动户外,训练鞋,218.0,0.599,低价,True,False
Speedo_0016,Speedo减震瑜伽服,Speedo,运动户外,瑜伽服,421.0,0.745,中价,False,False
Speedo_0017,Speedo微风训练鞋,Speedo,运动户外,训练鞋,317.0,0.252,中价,False,False
Speedo_0018,Speedo防滑运动裤,Speedo,运动户外,运动裤,558.0,0.707,高价,False,False
Speedo_0019,Speedo科技感训练鞋,Speedo,运动户外,训练鞋,580.0,0.637,高价,True,False
Speedo_0020,Speedo科技感冲锋衣,Speedo,运动户外,冲锋衣,370.0,0.697,中价,True,False
Speedo_0021,Speedo户外款训练鞋,Speedo,运动户外,训练鞋,426.0,0.687,高价,False,False
Speedo_0022,Speedo光感冲锋衣,Speedo,运动户外,冲锋衣,212.0,0.627,低价,False,False
Speedo_0023,Speedo透气运动背包,Speedo,运动户外,运动背包,263.0,0.641,中价,False,False
Speedo_0024,Speedo复古训练鞋,Speedo,运动户外,训练鞋,437.0,0.825,高价,False,False
Speedo_0025,Speedo耐磨瑜伽服,Speedo,运动户外,瑜伽服,258.0,0.602,中价,True,False
Speedo_0026,Speedo户外款运动裤,Speedo,运动户外,运动裤,495.0,0.661,高价,False,False
Speedo_0027,Speedo百搭运动裤,Speedo,运动户外,运动裤,312.0,0.431,中价,False,False
Speedo_0028,Speedo户外款训练鞋,Speedo,运动户外,训练鞋,201.0,0.453,低价,False,False
Speedo_0029,Speedo透气冲锋衣,Speedo,运动户外,冲锋衣,215.0,0.617,低价,False,False
Speedo_0030,Speedo透气羽绒服,Speedo,运动户外,羽绒服,305.0,0.618,中价,True,False
Speedo_0031,Speedo减震登山鞋,Speedo,运动户外,登山鞋,210.0,0.577,低价,False,True
Speedo_0032,Speedo耐磨登山鞋,Speedo,运动户外,登山鞋,405.0,0.601,中价,False,False
Speedo_0033,Speedo轻氧瑜伽服,Speedo,运动户外,瑜伽服,317.0,0.69,中价,False,False
Speedo_0034,Speedo科技感训练鞋,Speedo,运动户外,训练鞋,547.0,0.575,高价,False,True
Speedo_0035,Speedo轻氧户外凉鞋,Speedo,运动户外,户外凉鞋,512.0,0.543,高价,False,False
李宁_0001,李宁防滑速干T恤,李宁,运动户外,速干T恤,428.0,0.76,中价,False,False
李宁_0002,李宁减震登山鞋,李宁,运动户外,登山鞋,265.0,0.836,低价,False,False
李宁_0003,李宁微风登山鞋,李宁,运动户外,登山鞋,423.0,0.792,中价,False,False
李宁_0004,李宁透气运动背包,李宁,运动户外,运动背包,233.0,0.514,低价,False,False
李宁_0005,李宁经典羽绒服,李宁,运动户外,羽绒服,470.0,0.756,中价,True,False
李宁_0006,李宁都市泳装,李宁,运动户外,泳装,511.0,0.563,中价,False,False
李宁_0007,李宁透气羽绒服,李宁,运动户外,羽绒服,188.0,0.626,低价,False,False
李宁_0008,李宁防滑运动背包,李宁,运动户外,运动背包,558.0,0.729,中价,False,True
李宁_0009,李宁暖阳运动背包,李宁,运动户外,运动背包,401.0,0.621,中价,True,False
李宁_0010,李宁轻氧泳装,李宁,运动户外,泳装,322.0,0.85,低价,False,False
李宁_0011,李宁微风瑜伽服,李宁,运动户外,瑜伽服,383.0,0.606,中价,False,False
李宁_0012,李宁新季羽绒服,李宁,运动户外,羽绒服,714.0,0.685,高价,False,False
李宁_0013,李宁微风速干T恤,李宁,运动户外,速干T恤,539.0,0.741,中价,False,True
李宁_0014,李宁新季冲锋衣,李宁,运动户外,冲锋衣,348.0,0.792,中价,False,False
李宁_0015,李宁轻氧运动裤,李宁,运动户外,运动裤,219.0,0.92,低价,False,True
李宁_0016,李宁云感户外凉鞋,李宁,运动户外,户外凉鞋,320.0,0.813,低价,False,False
李宁_0017,李宁云感运动裤,李宁,运动户外,运动裤,347.0,0.881,中价,False,False
李宁_0018,李宁极简泳装,李宁,运动户外,泳装,225.0,0.626,低价,False,False
李宁_0019,李宁经典户外凉鞋,李宁,运动户外,户外凉鞋,447.0,0.772,中价,True,True
李宁_0020,李宁百搭泳装,李宁,运动户外,泳装,735.0,0.84,高价,True,False
李宁_0021,李宁轻量羽绒服,李宁,运动户外,羽绒服,209.0,0.44,低价,False,False
李宁_0022,李宁耐磨户外凉鞋,李宁,运动户外,户外凉鞋,545.0,0.705,中价,False,False
李宁_0023,李宁轻量速干T恤,李宁,运动户外,速干T恤,484.0,0.827,中价,False,False
李宁_0024,李宁极简运动背包,李宁,运动户外,运动背包,136.0,0.71,低价,False,False
李宁_0025,李宁轻氧户外凉鞋,李宁,运动户外,户外凉鞋,451.0,0.504,中价,False,False
李宁_0026,李宁科技感运动背包,李宁,运动户外,运动背包,447.0,0.718,中价,False,False
李宁_0027,李宁透气训练鞋,李宁,运动户外,训练鞋,143.0,0.613,低价,False,False
李宁_0028,李宁暖阳运动裤,李宁,运动户外,运动裤,511.0,0.525,中价,False,False
李宁_0029,李宁新季户外凉鞋,李宁,运动户外,户外凉鞋,155.0,0.89,低价,False,True
李宁_0030,李宁舒适款速干T恤,李宁,运动户外,速干T恤,190.0,0.759,低价,False,False
李宁_0031,李宁极简户外凉鞋,李宁,运动户外,户外凉鞋,664.0,0.546,高价,False,False
李宁_0032,李宁微风户外凉鞋,李宁,运动户外,户外凉鞋,754.0,0.568,高价,False,False
李宁_0033,李宁复古羽绒服,李宁,运动户外,羽绒服,496.0,0.464,中价,False,False
李宁_0034,李宁光感训练鞋,李宁,运动户外,训练鞋,508.0,0.647,中价,True,False
李宁_0035,李宁限定速干T恤,李宁,运动户外,速干T恤,498.0,0.358,中价,False,False
李宁_0036,李宁轻氧羽绒服,李宁,运动户外,羽绒服,610.0,0.523,高价,False,False
李宁_0037,李宁户外款训练鞋,李宁,运动户外,训练鞋,552.0,0.62,中价,False,False
李宁_0038,李宁防滑速干T恤,李宁,运动户外,速干T恤,298.0,0.623,低价,True,False
李宁_0039,李宁减震羽绒服,李宁,运动户外,羽绒服,693.0,0.885,高价,False,True
李宁_0040,李宁防滑登山鞋,李宁,运动户外,登山鞋,694.0,0.497,高价,False,False
李宁_0041,李宁限定登山鞋,李宁,运动户外,登山鞋,722.0,0.742,高价,False,False
李宁_0042,李宁耐磨运动背包,李宁,运动户外,运动背包,264.0,0.37,低价,True,False
李宁_0043,李宁户外款瑜伽服,李宁,运动户外,瑜伽服,276.0,0.8,低价,False,True
李宁_0044,李宁防滑泳装,李宁,运动户外,泳装,140.0,0.551,低价,False,False
李宁_0045,李宁百搭户外凉鞋,李宁,运动户外,户外凉鞋,506.0,0.274,中价,True,False
李宁_0046,李宁新季羽绒服,李宁,运动户外,羽绒服,372.0,0.723,中价,False,True
李宁_0047,李宁百搭速干T恤,李宁,运动户外,速干T恤,209.0,0.509,低价,False,False
李宁_0048,李宁新季泳装,李宁,运动户外,泳装,706.0,0.836,高价,True,True
李宁_0049,李宁科技感泳装,李宁,运动户外,泳装,482.0,0.601,中价,False,True
李宁_0050,李宁透气户外凉鞋,李宁,运动户外,户外凉鞋,403.0,0.493,中价,False,False
李宁_0051,李宁轻氧羽绒服,李宁,运动户外,羽绒服,494.0,0.414,中价,False,False
李宁_0052,李宁都市泳装,李宁,运动户外,泳装,658.0,0.863,高价,False,False
李宁_0053,李宁户外款登山鞋,李宁,运动户外,登山鞋,544.0,0.691,中价,False,False
李宁_0054,李宁光感运动裤,李宁,运动户外,运动裤,273.0,0.392,低价,True,False
李宁_0055,李宁都市运动背包,李宁,运动户外,运动背包,142.0,0.841,低价,False,False
李宁_0056,李宁耐磨运动背包,李宁,运动户外,运动背包,753.0,0.646,高价,False,False
李宁_0057,李宁复古运动背包,李宁,运动户外,运动背包,452.0,0.596,中价,True,False
李宁_0058,李宁限定冲锋衣,李宁,运动户外,冲锋衣,540.0,0.338,中价,False,False
李宁_0059,李宁暖阳运动裤,李宁,运动户外,运动裤,434.0,0.921,中价,False,False
李宁_0060,李宁防滑运动裤,李宁,运动户外,运动裤,190.0,0.772,低价,False,True
李宁_0061,李宁复古泳装,李宁,运动户外,泳装,161.0,0.778,低价,False,True
李宁_0062,李宁户外款运动裤,李宁,运动户外,运动裤,356.0,0.671,中价,False,False
李宁_0063,李宁减震泳装,李宁,运动户外,泳装,524.0,0.332,中价,False,False
李宁_0064,李宁暖阳冲锋衣,李宁,运动户外,冲锋衣,551.0,0.762,中价,False,True
李宁_0065,李宁新季运动背包,李宁,运动户外,运动背包,723.0,0.646,高价,False,False
李宁_0066,李宁新季训练鞋,李宁,运动户外,训练鞋,372.0,0.656,中价,False,False
李宁_0067,李宁科技感运动背包,李宁,运动户外,运动背包,146.0,0.363,低价,True,False
李宁_0068,李宁户外款羽绒服,李宁,运动户外,羽绒服,233.0,0.806,低价,False,False
李宁_0069,李宁限定瑜伽服,李宁,运动户外,瑜伽服,709.0,0.711,高价,False,False
李宁_0070,李宁防滑羽绒服,李宁,运动户外,羽绒服,230.0,0.335,低价,False,False
斯凯奇_0001,斯凯奇都市瑜伽服,斯凯奇,运动户外,瑜伽服,232.0,0.807,低价,True,False
斯凯奇_0002,斯凯奇减震羽绒服,斯凯奇,运动户外,羽绒服,411.0,0.529,中价,True,False
斯凯奇_0003,斯凯奇舒适款运动背包,斯凯奇,运动户外,运动背包,381.0,0.302,中价,True,False
斯凯奇_0004,斯凯奇新季运动背包,斯凯奇,运动户外,运动背包,396.0,0.444,中价,False,False
斯凯奇_0005,斯凯奇经典速干T恤,斯凯奇,运动户外,速干T恤,681.0,0.781,高价,False,True
斯凯奇_0006,斯凯奇极简羽绒服,斯凯奇,运动户外,羽绒服,280.0,0.513,低价,True,False
斯凯奇_0007,斯凯奇轻量瑜伽服,斯凯奇,运动户外,瑜伽服,403.0,0.675,中价,True,False
斯凯奇_0008,斯凯奇经典运动裤,斯凯奇,运动户外,运动裤,213.0,0.582,低价,False,False
斯凯奇_0009,斯凯奇百搭泳装,斯凯奇,运动户外,泳装,299.0,0.68,低价,False,False
斯凯奇_0010,斯凯奇限定户外凉鞋,斯凯奇,运动户外,户外凉鞋,448.0,0.691,中价,False,False
斯凯奇_0011,斯凯奇舒适款户外凉鞋,斯凯奇,运动户外,户外凉鞋,444.0,0.726,中价,False,False
斯凯奇_0012,斯凯奇经典速干T恤,斯凯奇,运动户外,速干T恤,384.0,0.814,中价,False,False
斯凯奇_0013,斯凯奇新季运动背包,斯凯奇,运动户外,运动背包,369.0,0.726,中价,True,False
斯凯奇_0014,斯凯奇轻量羽绒服,斯凯奇,运动户外,羽绒服,287.0,0.384,低价,False,False
斯凯奇_0015,斯凯奇轻氧运动背包,斯凯奇,运动户外,运动背包,375.0,0.861,中价,False,False
斯凯奇_0016,斯凯奇云感瑜伽服,斯凯奇,运动户外,瑜伽服,193.0,0.448,低价,False,False
斯凯奇_0017,斯凯奇微风运动背包,斯凯奇,运动户外,运动背包,394.0,0.652,中价,False,False
斯凯奇_0018,斯凯奇复古冲锋衣,斯凯奇,运动户外,冲锋衣,347.0,0.385,中价,True,False
斯凯奇_0019,斯凯奇云感运动背包,斯凯奇,运动户外,运动背包,561.0,0.567,高价,True,False
斯凯奇_0020,斯凯奇极简泳装,斯凯奇,运动户外,泳装,392.0,0.702,中价,False,False
斯凯奇_0021,斯凯奇科技感冲锋衣,斯凯奇,运动户外,冲锋衣,310.0,0.534,低价,False,False
斯凯奇_0022,斯凯奇户外款运动背包,斯凯奇,运动户外,运动背包,655.0,0.725,高价,False,False
斯凯奇_0023,斯凯奇减震泳装,斯凯奇,运动户外,泳装,579.0,0.672,高价,False,False
斯凯奇_0024,斯凯奇轻量羽绒服,斯凯奇,运动户外,羽绒服,458.0,0.584,中价,False,False
斯凯奇_0025,斯凯奇百搭冲锋衣,斯凯奇,运动户外,冲锋衣,203.0,0.794,低价,False,False
斯凯奇_0026,斯凯奇极简泳装,斯凯奇,运动户外,泳装,548.0,0.803,高价,True,False
斯凯奇_0027,斯凯奇透气速干T恤,斯凯奇,运动户外,速干T恤,615.0,0.673,高价,False,False
斯凯奇_0028,斯凯奇暖阳泳装,斯凯奇,运动户外,泳装,443.0,0.813,中价,False,True
斯凯奇_0029,斯凯奇微风户外凉鞋,斯凯奇,运动户外,户外凉鞋,678.0,0.693,高价,False,False
斯凯奇_0030,斯凯奇云感登山鞋,斯凯奇,运动户外,登山鞋,522.0,0.798,高价,False,False
斯凯奇_0031,斯凯奇舒适款户外凉鞋,斯凯奇,运动户外,户外凉鞋,189.0,0.569,低价,False,False
斯凯奇_0032,斯凯奇新季速干T恤,斯凯奇,运动户外,速干T恤,252.0,0.723,低价,False,True
斯凯奇_0033,斯凯奇复古速干T恤,斯凯奇,运动户外,速干T恤,597.0,0.643,高价,False,False
斯凯奇_0034,斯凯奇耐磨训练鞋,斯凯奇,运动户外,训练鞋,234.0,0.659,低价,False,True
斯凯奇_0035,斯凯奇耐磨户外凉鞋,斯凯奇,运动户外,户外凉鞋,545.0,0.766,高价,True,False
斯凯奇_0036,斯凯奇限定运动裤,斯凯奇,运动户外,运动裤,427.0,0.898,中价,True,False
斯凯奇_0037,斯凯奇减震训练鞋,斯凯奇,运动户外,训练鞋,307.0,0.866,低价,True,False
斯凯奇_0038,斯凯奇舒适款泳装,斯凯奇,运动户外,泳装,492.0,0.814,中价,False,False
斯凯奇_0039,斯凯奇防滑户外凉鞋,斯凯奇,运动户外,户外凉鞋,425.0,0.488,中价,False,False
斯凯奇_0040,斯凯奇科技感运动背包,斯凯奇,运动户外,运动背包,474.0,0.769,中价,True,False
斯凯奇_0041,斯凯奇微风户外凉鞋,斯凯奇,运动户外,户外凉鞋,265.0,0.616,低价,False,False
斯凯奇_0042,斯凯奇极简户外凉鞋,斯凯奇,运动户外,户外凉鞋,208.0,0.805,低价,False,False
斯凯奇_0043,斯凯奇经典运动裤,斯凯奇,运动户外,运动裤,351.0,0.467,中价,False,False
斯凯奇_0044,斯凯奇暖阳运动背包,斯凯奇,运动户外,运动背包,315.0,0.505,低价,False,False
斯凯奇_0045,斯凯奇新季登山鞋,斯凯奇,运动户外,登山鞋,399.0,0.531,中价,True,False
斯凯奇_0046,斯凯奇复古登山鞋,斯凯奇,运动户外,登山鞋,420.0,0.63,中价,False,False
斯凯奇_0047,斯凯奇轻量速干T恤,斯凯奇,运动户外,速干T恤,407.0,0.316,中价,False,False
斯凯奇_0048,斯凯奇防滑冲锋衣,斯凯奇,运动户外,冲锋衣,265.0,0.581,低价,False,False
斯凯奇_0049,斯凯奇耐磨泳装,斯凯奇,运动户外,泳装,292.0,0.882,低价,True,False
斯凯奇_0050,斯凯奇舒适款泳装,斯凯奇,运动户外,泳装,472.0,0.651,中价,True,False
斯凯奇_0051,斯凯奇新季冲锋衣,斯凯奇,运动户外,冲锋衣,347.0,0.399,中价,True,False
斯凯奇_0052,斯凯奇舒适款运动背包,斯凯奇,运动户外,运动背包,329.0,0.857,低价,False,False
斯凯奇_0053,斯凯奇暖阳泳装,斯凯奇,运动户外,泳装,689.0,0.512,高价,False,False
斯凯奇_0054,斯凯奇百搭运动裤,斯凯奇,运动户外,运动裤,232.0,0.62,低价,True,False
斯凯奇_0055,斯凯奇经典户外凉鞋,斯凯奇,运动户外,户外凉鞋,237.0,0.65,低价,False,True
斯凯奇_0056,斯凯奇极简训练鞋,斯凯奇,运动户外,训练鞋,598.0,0.536,高价,False,False
斯凯奇_0057,斯凯奇新季瑜伽服,斯凯奇,运动户外,瑜伽服,500.0,0.335,中价,False,False
斯凯奇_0058,斯凯奇百搭登山鞋,斯凯奇,运动户外,登山鞋,680.0,0.824,高价,False,False
斯凯奇_0059,斯凯奇暖阳登山鞋,斯凯奇,运动户外,登山鞋,246.0,0.862,低价,False,True
斯凯奇_0060,斯凯奇轻量冲锋衣,斯凯奇,运动户外,冲锋衣,272.0,0.84,低价,False,False
Jeep_0001,Jeep耐磨运动背包,Jeep,运动户外,运动背包,552.0,0.542,中价,False,False
Jeep_0002,Jeep舒适款户外凉鞋,Jeep,运动户外,户外凉鞋,161.0,0.547,低价,False,False
Jeep_0003,Jeep极简泳装,Jeep,运动户外,泳装,696.0,0.814,高价,True,False
Jeep_0004,Jeep舒适款泳装,Jeep,运动户外,泳装,197.0,0.812,低价,False,False
Jeep_0005,Jeep百搭训练鞋,Jeep,运动户外,训练鞋,313.0,0.874,低价,False,False
Jeep_0006,Jeep复古瑜伽服,Jeep,运动户外,瑜伽服,853.0,0.462,高价,False,False
Jeep_0007,Jeep减震泳装,Jeep,运动户外,泳装,263.0,0.53,低价,False,False
Jeep_0008,Jeep耐磨速干T恤,Jeep,运动户外,速干T恤,500.0,0.586,中价,False,False
Jeep_0009,Jeep防滑冲锋衣,Jeep,运动户外,冲锋衣,265.0,0.555,低价,False,False
Jeep_0010,Jeep耐磨羽绒服,Jeep,运动户外,羽绒服,252.0,0.674,低价,True,False
Jeep_0011,Jeep轻氧运动背包,Jeep,运动户外,运动背包,485.0,0.758,中价,False,False
Jeep_0012,Jeep新季速干T恤,Jeep,运动户外,速干T恤,488.0,0.839,中价,False,False
Jeep_0013,Jeep科技感户外凉鞋,Jeep,运动户外,户外凉鞋,651.0,0.742,高价,False,False
Jeep_0014,Jeep百搭冲锋衣,Jeep,运动户外,冲锋衣,629.0,0.815,中价,False,False
Jeep_0015,Jeep微风户外凉鞋,Jeep,运动户外,户外凉鞋,576.0,0.639,中价,False,False
Jeep_0016,Jeep户外款登山鞋,Jeep,运动户外,登山鞋,780.0,0.604,高价,False,False
Jeep_0017,Jeep减震瑜伽服,Jeep,运动户外,瑜伽服,514.0,0.715,中价,False,False
Jeep_0018,Jeep轻量运动背包,Jeep,运动户外,运动背包,308.0,0.681,低价,False,False
Jeep_0019,Jeep防滑户外凉鞋,Jeep,运动户外,户外凉鞋,293.0,0.771,低价,False,False
Jeep_0020,Jeep暖阳泳装,Jeep,运动户外,泳装,489.0,0.864,中价,False,False
Jeep_0021,Jeep光感泳装,Jeep,运动户外,泳装,407.0,0.642,中价,True,False
Jeep_0022,Jeep都市训练鞋,Jeep,运动户外,训练鞋,892.0,0.728,高价,True,False
Jeep_0023,Jeep极简羽绒服,Jeep,运动户外,羽绒服,286.0,0.586,低价,False,True
Jeep_0024,Jeep都市登山鞋,Jeep,运动户外,登山鞋,633.0,0.719,中价,False,False
Jeep_0025,Jeep户外款训练鞋,Jeep,运动户外,训练鞋,394.0,0.566,中价,False,False
Jeep_0026,Jeep透气运动背包,Jeep,运动户外,运动背包,665.0,0.711,高价,False,False
Jeep_0027,Jeep微风瑜伽服,Jeep,运动户外,瑜伽服,518.0,0.948,中价,False,False
Jeep_0028,Jeep暖阳泳装,Jeep,运动户外,泳装,239.0,0.685,低价,False,False
Jeep_0029,Jeep百搭羽绒服,Jeep,运动户外,羽绒服,301.0,0.695,低价,False,False
Jeep_0030,Jeep极简羽绒服,Jeep,运动户外,羽绒服,308.0,0.74,低价,False,False
Jeep_0031,Jeep限定训练鞋,Jeep,运动户外,训练鞋,555.0,0.722,中价,False,True
Jeep_0032,Jeep复古冲锋衣,Jeep,运动户外,冲锋衣,263.0,0.475,低价,False,False
Jeep_0033,Jeep防滑泳装,Jeep,运动户外,泳装,366.0,0.711,低价,False,False
Jeep_0034,Jeep经典冲锋衣,Jeep,运动户外,冲锋衣,351.0,0.544,低价,True,False
Jeep_0035,Jeep光感瑜伽服,Jeep,运动户外,瑜伽服,535.0,0.431,中价,False,False
Jeep_0036,Jeep户外款户外凉鞋,Jeep,运动户外,户外凉鞋,313.0,0.881,低价,False,False
Jeep_0037,Jeep微风泳装,Jeep,运动户外,泳装,322.0,0.534,低价,False,False
Jeep_0038,Jeep百搭运动裤,Jeep,运动户外,运动裤,216.0,0.582,低价,True,False
Jeep_0039,Jeep云感瑜伽服,Jeep,运动户外,瑜伽服,631.0,0.585,中价,True,False
Jeep_0040,Jeep减震运动背包,Jeep,运动户外,运动背包,292.0,0.654,低价,False,False
Jeep_0041,Jeep极简泳装,Jeep,运动户外,泳装,562.0,0.802,中价,False,False
Jeep_0042,Jeep耐磨冲锋衣,Jeep,运动户外,冲锋衣,219.0,0.496,低价,False,False
Jeep_0043,Jeep轻量运动裤,Jeep,运动户外,运动裤,307.0,0.685,低价,False,False
Jeep_0044,Jeep复古运动背包,Jeep,运动户外,运动背包,570.0,0.609,中价,False,True
Jeep_0045,Jeep复古冲锋衣,Jeep,运动户外,冲锋衣,279.0,0.812,低价,False,False
Jeep_0046,Jeep暖阳训练鞋,Jeep,运动户外,训练鞋,538.0,0.847,中价,False,False
Jeep_0047,Jeep极简运动裤,Jeep,运动户外,运动裤,755.0,0.728,高价,False,False
Jeep_0048,Jeep极简泳装,Jeep,运动户外,泳装,248.0,0.432,低价,False,False
Jeep_0049,Jeep户外款登山鞋,Jeep,运动户外,登山鞋,561.0,0.625,中价,False,False
Jeep_0050,Jeep限定运动背包,Jeep,运动户外,运动背包,165.0,0.303,低价,False,False
探拓_0001,探拓防滑运动背包,探拓,运动户外,运动背包,443.0,0.688,高价,False,False
探拓_0002,探拓户外款泳装,探拓,运动户外,泳装,195.0,0.652,低价,False,True
探拓_0003,探拓减震运动裤,探拓,运动户外,运动裤,406.0,0.704,中价,False,False
探拓_0004,探拓云感瑜伽服,探拓,运动户外,瑜伽服,204.0,0.542,低价,False,False
探拓_0005,探拓经典训练鞋,探拓,运动户外,训练鞋,381.0,0.638,中价,False,False
探拓_0006,探拓限定户外凉鞋,探拓,运动户外,户外凉鞋,490.0,0.805,高价,True,False
探拓_0007,探拓暖阳登山鞋,探拓,运动户外,登山鞋,311.0,0.532,中价,False,True
探拓_0008,探拓防滑运动背包,探拓,运动户外,运动背包,362.0,0.808,中价,True,False
探拓_0009,探拓限定羽绒服,探拓,运动户外,羽绒服,354.0,0.406,中价,False,False
探拓_0010,探拓轻氧运动背包,探拓,运动户外,运动背包,286.0,0.689,中价,True,False
探拓_0011,探拓舒适款运动背包,探拓,运动户外,运动背包,519.0,0.487,高价,True,False
探拓_0012,探拓科技感户外凉鞋,探拓,运动户外,户外凉鞋,164.0,0.897,低价,False,True
探拓_0013,探拓云感泳装,探拓,运动户外,泳装,171.0,0.467,低价,False,False
探拓_0014,探拓复古泳装,探拓,运动户外,泳装,594.0,0.743,高价,False,False
探拓_0015,探拓光感泳装,探拓,运动户外,泳装,542.0,0.564,高价,False,False
探拓_0016,探拓复古羽绒服,探拓,运动户外,羽绒服,259.0,0.619,中价,False,False
探拓_0017,探拓透气瑜伽服,探拓,运动户外,瑜伽服,569.0,0.559,高价,False,False
探拓_0018,探拓都市泳装,探拓,运动户外,泳装,354.0,0.482,中价,False,False
探拓_0019,探拓新季运动裤,探拓,运动户外,运动裤,281.0,0.723,中价,True,False
探拓_0020,探拓透气户外凉鞋,探拓,运动户外,户外凉鞋,165.0,0.446,低价,False,False
探拓_0021,探拓防滑运动裤,探拓,运动户外,运动裤,334.0,0.772,中价,False,False
探拓_0022,探拓都市冲锋衣,探拓,运动户外,冲锋衣,348.0,0.8,中价,False,False
探拓_0023,探拓透气泳装,探拓,运动户外,泳装,571.0,0.831,高价,False,True
探拓_0024,探拓云感训练鞋,探拓,运动户外,训练鞋,153.0,0.638,低价,False,False
探拓_0025,探拓微风泳装,探拓,运动户外,泳装,361.0,0.935,中价,False,False
探拓_0026,探拓限定登山鞋,探拓,运动户外,登山鞋,243.0,0.605,低价,False,False
探拓_0027,探拓都市户外凉鞋,探拓,运动户外,户外凉鞋,219.0,0.783,低价,False,False
探拓_0028,探拓减震速干T恤,探拓,运动户外,速干T恤,216.0,0.72,低价,False,False
探拓_0029,探拓限定速干T恤,探拓,运动户外,速干T恤,420.0,0.634,中价,False,False
探拓_0030,探拓轻氧泳装,探拓,运动户外,泳装,565.0,0.841,高价,False,True
探拓_0031,探拓防滑登山鞋,探拓,运动户外,登山鞋,340.0,0.479,中价,False,False
探拓_0032,探拓暖阳登山鞋,探拓,运动户外,登山鞋,578.0,0.313,高价,False,False
探拓_0033,探拓百搭泳装,探拓,运动户外,泳装,312.0,0.75,中价,False,False
探拓_0034,探拓耐磨羽绒服,探拓,运动户外,羽绒服,210.0,0.8,低价,True,False
探拓_0035,探拓暖阳训练鞋,探拓,运动户外,训练鞋,388.0,0.483,中价,False,False
探拓_0036,探拓复古羽绒服,探拓,运动户外,羽绒服,339.0,0.504,中价,False,True
探拓_0037,探拓都市训练鞋,探拓,运动户外,训练鞋,414.0,0.396,中价,False,False
探拓_0038,探拓复古泳装,探拓,运动户外,泳装,406.0,0.763,中价,False,True
探拓_0039,探拓耐磨冲锋衣,探拓,运动户外,冲锋衣,499.0,0.517,高价,False,False
探拓_0040,探拓新季速干T恤,探拓,运动户外,速干T恤,145.0,0.434,低价,False,False
拓路者_0001,拓路者新季运动背包,拓路者,运动户外,运动背包,160.0,0.9,低价,False,False
拓路者_0002,拓路者防滑速干T恤,拓路者,运动户外,速干T恤,356.0,0.792,中价,False,True
拓路者_0003,拓路者极简速干T恤,拓路者,运动户外,速干T恤,549.0,0.928,高价,False,False
拓路者_0004,拓路者轻量泳装,拓路者,运动户外,泳装,208.0,0.701,低价,False,False
拓路者_0005,拓路者轻氧运动背包,拓路者,运动户外,运动背包,261.0,0.807,中价,False,False
拓路者_0006,拓路者都市冲锋衣,拓路者,运动户外,冲锋衣,382.0,0.56,中价,False,False
拓路者_0007,拓路者舒适款冲锋衣,拓路者,运动户外,冲锋衣,277.0,0.637,中价,False,False
拓路者_0008,拓路者光感羽绒服,拓路者,运动户外,羽绒服,197.0,0.428,低价,False,False
拓路者_0009,拓路者云感训练鞋,拓路者,运动户外,训练鞋,449.0,0.643,高价,False,True
拓路者_0010,拓路者限定运动裤,拓路者,运动户外,运动裤,529.0,0.521,高价,False,False
拓路者_0011,拓路者科技感训练鞋,拓路者,运动户外,训练鞋,498.0,0.604,高价,False,False
拓路者_0012,拓路者轻量登山鞋,拓路者,运动户外,登山鞋,527.0,0.381,高价,True,False
拓路者_0013,拓路者暖阳登山鞋,拓路者,运动户外,登山鞋,438.0,0.876,高价,False,False
拓路者_0014,拓路者透气户外凉鞋,拓路者,运动户外,户外凉鞋,415.0,0.625,高价,True,False
拓路者_0015,拓路者新季户外凉鞋,拓路者,运动户外,户外凉鞋,476.0,0.754,高价,False,False
拓路者_0016,拓路者科技感泳装,拓路者,运动户外,泳装,502.0,0.798,高价,True,False
拓路者_0017,拓路者新季登山鞋,拓路者,运动户外,登山鞋,245.0,0.62,中价,False,False
拓路者_0018,拓路者百搭泳装,拓路者,运动户外,泳装,436.0,0.559,高价,False,False
拓路者_0019,拓路者百搭泳装,拓路者,运动户外,泳装,161.0,0.674,低价,False,False
拓路者_0020,拓路者减震冲锋衣,拓路者,运动户外,冲锋衣,294.0,0.869,中价,False,False
拓路者_0021,拓路者复古运动背包,拓路者,运动户外,运动背包,268.0,0.555,中价,False,False
拓路者_0022,拓路者暖阳登山鞋,拓路者,运动户外,登山鞋,117.0,0.638,低价,False,False
拓路者_0023,拓路者光感泳装,拓路者,运动户外,泳装,189.0,0.726,低价,False,False
拓路者_0024,拓路者舒适款户外凉鞋,拓路者,运动户外,户外凉鞋,343.0,0.928,中价,True,True
拓路者_0025,拓路者百搭训练鞋,拓路者,运动户外,训练鞋,336.0,0.489,中价,False,False
拓路者_0026,拓路者舒适款泳装,拓路者,运动户外,泳装,509.0,0.545,高价,False,False
拓路者_0027,拓路者透气运动裤,拓路者,运动户外,运动裤,265.0,0.771,中价,False,False
拓路者_0028,拓路者极简泳装,拓路者,运动户外,泳装,166.0,0.836,低价,False,False
拓路者_0029,拓路者透气运动裤,拓路者,运动户外,运动裤,398.0,0.863,高价,False,False
拓路者_0030,拓路者光感户外凉鞋,拓路者,运动户外,户外凉鞋,247.0,0.562,中价,True,False
拓路者_0031,拓路者舒适款户外凉鞋,拓路者,运动户外,户外凉鞋,428.0,0.546,高价,False,False
拓路者_0032,拓路者轻氧运动背包,拓路者,运动户外,运动背包,534.0,0.751,高价,False,False
拓路者_0033,拓路者百搭训练鞋,拓路者,运动户外,训练鞋,315.0,0.747,中价,False,False
拓路者_0034,拓路者科技感冲锋衣,拓路者,运动户外,冲锋衣,331.0,0.507,中价,False,False
拓路者_0035,拓路者耐磨冲锋衣,拓路者,运动户外,冲锋衣,221.0,0.591,低价,False,False
拓路者_0036,拓路者舒适款泳装,拓路者,运动户外,泳装,194.0,0.461,低价,True,False
拓路者_0037,拓路者耐磨运动裤,拓路者,运动户外,运动裤,109.0,0.598,低价,False,False
拓路者_0038,拓路者新季羽绒服,拓路者,运动户外,羽绒服,132.0,0.601,低价,False,False
TFO_0001,TFO耐磨运动裤,TFO,运动户外,运动裤,104.0,0.525,低价,False,False
TFO_0002,TFO云感运动背包,TFO,运动户外,运动背包,382.0,0.47,高价,False,False
TFO_0003,TFO微风速干T恤,TFO,运动户外,速干T恤,251.0,0.554,中价,True,False
TFO_0004,TFO减震运动背包,TFO,运动户外,运动背包,90.0,0.617,低价,False,True
TFO_0005,TFO科技感冲锋衣,TFO,运动户外,冲锋衣,201.0,0.669,低价,False,False
TFO_0006,TFO云感羽绒服,TFO,运动户外,羽绒服,100.0,0.529,低价,False,False
TFO_0007,TFO舒适款速干T恤,TFO,运动户外,速干T恤,293.0,0.814,中价,False,True
TFO_0008,TFO防滑羽绒服,TFO,运动户外,羽绒服,414.0,0.9,高价,False,False
TFO_0009,TFO经典登山鞋,TFO,运动户外,登山鞋,324.0,0.638,中价,False,False
TFO_0010,TFO复古登山鞋,TFO,运动户外,登山鞋,314.0,0.454,中价,False,False
TFO_0011,TFO限定羽绒服,TFO,运动户外,羽绒服,315.0,0.592,中价,False,False
TFO_0012,TFO百搭瑜伽服,TFO,运动户外,瑜伽服,173.0,0.787,低价,False,False
TFO_0013,TFO百搭登山鞋,TFO,运动户外,登山鞋,309.0,0.55,中价,False,False
TFO_0014,TFO舒适款泳装,TFO,运动户外,泳装,388.0,0.657,高价,False,False
TFO_0015,TFO极简羽绒服,TFO,运动户外,羽绒服,318.0,0.463,中价,False,False
TFO_0016,TFO暖阳泳装,TFO,运动户外,泳装,120.0,0.885,低价,False,False
TFO_0017,TFO新季登山鞋,TFO,运动户外,登山鞋,365.0,0.907,高价,False,False
TFO_0018,TFO复古训练鞋,TFO,运动户外,训练鞋,298.0,0.792,中价,False,False
TFO_0019,TFO暖阳羽绒服,TFO,运动户外,羽绒服,269.0,0.661,中价,False,False
TFO_0020,TFO轻氧训练鞋,TFO,运动户外,训练鞋,223.0,0.536,中价,False,False
TFO_0021,TFO复古运动背包,TFO,运动户外,运动背包,348.0,0.662,中价,False,False
TFO_0022,TFO减震速干T恤,TFO,运动户外,速干T恤,294.0,0.502,中价,False,False
TFO_0023,TFO百搭羽绒服,TFO,运动户外,羽绒服,90.0,0.911,低价,False,False
TFO_0024,TFO透气户外凉鞋,TFO,运动户外,户外凉鞋,488.0,0.489,高价,False,False
TFO_0025,TFO极简羽绒服,TFO,运动户外,羽绒服,314.0,0.402,中价,False,True
TFO_0026,TFO户外款运动裤,TFO,运动户外,运动裤,268.0,0.572,中价,True,True
TFO_0027,TFO耐磨冲锋衣,TFO,运动户外,冲锋衣,214.0,0.49,中价,False,True
TFO_0028,TFO都市瑜伽服,TFO,运动户外,瑜伽服,211.0,0.711,中价,False,False
TFO_0029,TFO新季户外凉鞋,TFO,运动户外,户外凉鞋,220.0,0.29,中价,False,False
TFO_0030,TFO减震速干T恤,TFO,运动户外,速干T恤,276.0,0.683,中价,False,False
TFO_0031,TFO防滑运动背包,TFO,运动户外,运动背包,442.0,0.717,高价,False,False
TFO_0032,TFO云感速干T恤,TFO,运动户外,速干T恤,81.0,0.774,低价,False,False
Vans_0001,Vans微风运动休闲鞋,Vans,鞋靴,运动休闲鞋,384.0,0.522,中价,False,False
Vans_0002,Vans户外款凉鞋,Vans,鞋靴,凉鞋,385.0,0.755,中价,False,False
Vans_0003,Vans极简帆布鞋,Vans,鞋靴,帆布鞋,328.0,0.615,低价,False,False
Vans_0004,Vans复古靴子,Vans,鞋靴,靴子,361.0,0.569,低价,False,False
Vans_0005,Vans透气皮鞋,Vans,鞋靴,皮鞋,224.0,0.786,低价,False,False
Vans_0006,Vans光感工装鞋,Vans,鞋靴,工装鞋,354.0,0.708,低价,False,False
Vans_0007,Vans科技感跑步鞋,Vans,鞋靴,跑步鞋,320.0,0.318,低价,False,False
Vans_0008,Vans防滑皮鞋,Vans,鞋靴,皮鞋,411.0,0.77,中价,False,False
Vans_0009,Vans户外款帆布鞋,Vans,鞋靴,帆布鞋,604.0,0.652,高价,False,False
Vans_0010,Vans百搭跑步鞋,Vans,鞋靴,跑步鞋,488.0,0.827,中价,False,True
Vans_0011,Vans光感运动休闲鞋,Vans,鞋靴,运动休闲鞋,373.0,0.871,中价,False,False
Vans_0012,Vans减震靴子,Vans,鞋靴,靴子,432.0,0.811,中价,False,True
Vans_0013,Vans新季工装鞋,Vans,鞋靴,工装鞋,602.0,0.581,高价,False,False
Vans_0014,Vans极简板鞋,Vans,鞋靴,板鞋,443.0,0.492,中价,False,False
Vans_0015,Vans复古板鞋,Vans,鞋靴,板鞋,298.0,0.541,低价,False,False
Vans_0016,Vans微风板鞋,Vans,鞋靴,板鞋,617.0,0.751,高价,False,False
Vans_0017,Vans百搭跑步鞋,Vans,鞋靴,跑步鞋,331.0,0.475,低价,False,False
Vans_0018,Vans极简靴子,Vans,鞋靴,靴子,613.0,0.728,高价,False,False
Vans_0019,Vans暖阳工装鞋,Vans,鞋靴,工装鞋,225.0,0.557,低价,True,False
Vans_0020,Vans耐磨靴子,Vans,鞋靴,靴子,332.0,0.297,低价,True,False
Vans_0021,Vans微风运动休闲鞋,Vans,鞋靴,运动休闲鞋,512.0,0.38,中价,False,False
Vans_0022,Vans新季板鞋,Vans,鞋靴,板鞋,555.0,0.882,高价,False,False
Vans_0023,Vans科技感皮鞋,Vans,鞋靴,皮鞋,282.0,0.678,低价,False,False
Vans_0024,Vans暖阳靴子,Vans,鞋靴,靴子,587.0,0.603,高价,False,False
Vans_0025,Vans科技感靴子,Vans,鞋靴,靴子,284.0,0.568,低价,False,False
Vans_0026,Vans新季靴子,Vans,鞋靴,靴子,391.0,0.649,中价,False,False
Vans_0027,Vans云感板鞋,Vans,鞋靴,板鞋,450.0,0.638,中价,False,False
Vans_0028,Vans百搭运动休闲鞋,Vans,鞋靴,运动休闲鞋,281.0,0.767,低价,False,False
Vans_0029,Vans云感皮鞋,Vans,鞋靴,皮鞋,251.0,0.9,低价,False,False
Vans_0030,Vans轻量凉鞋,Vans,鞋靴,凉鞋,627.0,0.7,高价,False,False
Vans_0031,Vans轻氧帆布鞋,Vans,鞋靴,帆布鞋,379.0,0.785,中价,False,False
Vans_0032,Vans轻氧皮鞋,Vans,鞋靴,皮鞋,417.0,0.639,中价,False,False
Vans_0033,Vans新季板鞋,Vans,鞋靴,板鞋,290.0,0.623,低价,False,False
Vans_0034,Vans轻氧板鞋,Vans,鞋靴,板鞋,528.0,0.586,中价,False,False
Vans_0035,Vans百搭皮鞋,Vans,鞋靴,皮鞋,305.0,0.776,低价,False,False
Vans_0036,Vans云感运动休闲鞋,Vans,鞋靴,运动休闲鞋,543.0,0.85,高价,False,False
Vans_0037,Vans限定跑步鞋,Vans,鞋靴,跑步鞋,250.0,0.767,低价,False,False
Vans_0038,Vans暖阳帆布鞋,Vans,鞋靴,帆布鞋,665.0,0.825,高价,False,True
Vans_0039,Vans减震工装鞋,Vans,鞋靴,工装鞋,673.0,0.421,高价,False,False
Vans_0040,Vans限定板鞋,Vans,鞋靴,板鞋,418.0,0.383,中价,False,False
Vans_0041,Vans减震帆布鞋,Vans,鞋靴,帆布鞋,479.0,0.688,中价,False,False
Vans_0042,Vans耐磨靴子,Vans,鞋靴,靴子,458.0,0.627,中价,False,False
Vans_0043,Vans限定运动休闲鞋,Vans,鞋靴,运动休闲鞋,450.0,0.531,中价,True,False
Vans_0044,Vans减震凉鞋,Vans,鞋靴,凉鞋,256.0,0.784,低价,False,False
Vans_0045,Vans微风运动休闲鞋,Vans,鞋靴,运动休闲鞋,499.0,0.513,中价,False,True
Vans_0046,Vans透气工装鞋,Vans,鞋靴,工装鞋,452.0,0.67,中价,True,False
Vans_0047,Vans极简跑步鞋,Vans,鞋靴,跑步鞋,319.0,0.916,低价,False,False
Vans_0048,Vans减震工装鞋,Vans,鞋靴,工装鞋,509.0,0.907,中价,False,False
Vans_0049,Vans暖阳帆布鞋,Vans,鞋靴,帆布鞋,521.0,0.856,中价,False,False
Vans_0050,Vans耐磨板鞋,Vans,鞋靴,板鞋,420.0,0.543,中价,False,False
Vans_0051,Vans暖阳皮鞋,Vans,鞋靴,皮鞋,695.0,0.427,高价,True,False
Vans_0052,Vans百搭皮鞋,Vans,鞋靴,皮鞋,684.0,0.826,高价,False,True
Vans_0053,Vans透气板鞋,Vans,鞋靴,板鞋,280.0,0.599,低价,False,False
Vans_0054,Vans减震凉鞋,Vans,鞋靴,凉鞋,591.0,0.686,高价,False,False
Vans_0055,Vans极简跑步鞋,Vans,鞋靴,跑步鞋,237.0,0.232,低价,False,True
回力_0001,回力复古帆布鞋,回力,鞋靴,帆布鞋,200.0,0.911,中价,False,False
回力_0002,回力防滑靴子,回力,鞋靴,靴子,66.0,0.38,低价,False,False
回力_0003,回力新季工装鞋,回力,鞋靴,工装鞋,113.0,0.908,低价,False,False
回力_0004,回力都市跑步鞋,回力,鞋靴,跑步鞋,100.0,0.39,低价,False,False
回力_0005,回力透气工装鞋,回力,鞋靴,工装鞋,184.0,0.863,中价,False,False
回力_0006,回力极简跑步鞋,回力,鞋靴,跑步鞋,108.0,0.774,低价,False,False
回力_0007,回力防滑板鞋,回力,鞋靴,板鞋,190.0,0.445,中价,False,True
回力_0008,回力百搭板鞋,回力,鞋靴,板鞋,128.0,0.802,低价,True,False
回力_0009,回力云感板鞋,回力,鞋靴,板鞋,208.0,0.811,中价,False,False
回力_0010,回力暖阳工装鞋,回力,鞋靴,工装鞋,151.0,0.577,中价,False,False
回力_0011,回力暖阳帆布鞋,回力,鞋靴,帆布鞋,214.0,0.75,中价,False,False
回力_0012,回力防滑帆布鞋,回力,鞋靴,帆布鞋,123.0,0.9,低价,True,False
回力_0013,回力光感帆布鞋,回力,鞋靴,帆布鞋,73.0,0.591,低价,False,True
回力_0014,回力复古皮鞋,回力,鞋靴,皮鞋,68.0,0.654,低价,False,False
回力_0015,回力科技感运动休闲鞋,回力,鞋靴,运动休闲鞋,188.0,0.603,中价,False,False
回力_0016,回力极简板鞋,回力,鞋靴,板鞋,201.0,0.741,中价,False,False
回力_0017,回力光感跑步鞋,回力,鞋靴,跑步鞋,207.0,0.467,中价,False,False
回力_0018,回力微风跑步鞋,回力,鞋靴,跑步鞋,294.0,0.838,高价,False,False
回力_0019,回力耐磨凉鞋,回力,鞋靴,凉鞋,268.0,0.582,高价,False,False
回力_0020,回力光感凉鞋,回力,鞋靴,凉鞋,118.0,0.642,低价,False,False
回力_0021,回力科技感帆布鞋,回力,鞋靴,帆布鞋,238.0,0.736,高价,False,False
回力_0022,回力云感靴子,回力,鞋靴,靴子,257.0,0.544,高价,False,False
回力_0023,回力新季工装鞋,回力,鞋靴,工装鞋,247.0,0.579,高价,True,False
回力_0024,回力光感帆布鞋,回力,鞋靴,帆布鞋,284.0,0.776,高价,False,True
回力_0025,回力极简板鞋,回力,鞋靴,板鞋,202.0,0.764,中价,False,False
回力_0026,回力科技感凉鞋,回力,鞋靴,凉鞋,85.0,0.589,低价,False,False
回力_0027,回力防滑靴子,回力,鞋靴,靴子,205.0,0.547,中价,False,False
回力_0028,回力耐磨运动休闲鞋,回力,鞋靴,运动休闲鞋,122.0,0.865,低价,False,False
回力_0029,回力轻氧凉鞋,回力,鞋靴,凉鞋,287.0,0.598,高价,False,False
回力_0030,回力百搭皮鞋,回力,鞋靴,皮鞋,132.0,0.356,中价,False,False
回力_0031,回力都市凉鞋,回力,鞋靴,凉鞋,149.0,0.733,中价,False,False
回力_0032,回力轻氧板鞋,回力,鞋靴,板鞋,169.0,0.884,中价,False,False
回力_0033,回力云感皮鞋,回力,鞋靴,皮鞋,282.0,0.869,高价,False,False
回力_0034,回力暖阳跑步鞋,回力,鞋靴,跑步鞋,125.0,0.46,低价,False,False
回力_0035,回力轻氧皮鞋,回力,鞋靴,皮鞋,139.0,0.535,中价,False,False
回力_0036,回力限定帆布鞋,回力,鞋靴,帆布鞋,275.0,0.857,高价,False,False
回力_0037,回力透气靴子,回力,鞋靴,靴子,230.0,0.49,高价,False,False
回力_0038,回力减震跑步鞋,回力,鞋靴,跑步鞋,222.0,0.33,高价,False,False
回力_0039,回力轻量板鞋,回力,鞋靴,板鞋,76.0,0.561,低价,False,False
回力_0040,回力舒适款板鞋,回力,鞋靴,板鞋,108.0,0.567,低价,False,False
回力_0041,回力科技感板鞋,回力,鞋靴,板鞋,157.0,0.592,中价,False,False
回力_0042,回力微风帆布鞋,回力,鞋靴,帆布鞋,172.0,0.682,中价,False,False
回力_0043,回力轻量皮鞋,回力,鞋靴,皮鞋,239.0,0.71,高价,False,True
回力_0044,回力暖阳运动休闲鞋,回力,鞋靴,运动休闲鞋,128.0,0.409,低价,True,False
回力_0045,回力减震凉鞋,回力,鞋靴,凉鞋,216.0,0.657,高价,False,False
奥康_0001,奥康户外款跑步鞋,奥康,鞋靴,跑步鞋,350.0,0.619,中价,True,False
奥康_0002,奥康防滑工装鞋,奥康,鞋靴,工装鞋,520.0,0.538,高价,True,False
奥康_0003,奥康经典凉鞋,奥康,鞋靴,凉鞋,345.0,0.662,中价,False,False
奥康_0004,奥康光感帆布鞋,奥康,鞋靴,帆布鞋,575.0,0.797,高价,True,True
奥康_0005,奥康极简跑步鞋,奥康,鞋靴,跑步鞋,400.0,0.721,中价,False,False
奥康_0006,奥康科技感凉鞋,奥康,鞋靴,凉鞋,532.0,0.576,高价,True,False
奥康_0007,奥康限定工装鞋,奥康,鞋靴,工装鞋,404.0,0.54,中价,False,False
奥康_0008,奥康微风凉鞋,奥康,鞋靴,凉鞋,348.0,0.944,中价,False,False
奥康_0009,奥康透气靴子,奥康,鞋靴,靴子,309.0,0.898,中价,False,False
奥康_0010,奥康轻氧运动休闲鞋,奥康,鞋靴,运动休闲鞋,153.0,0.559,低价,False,False
奥康_0011,奥康舒适款靴子,奥康,鞋靴,靴子,344.0,0.521,中价,False,False
奥康_0012,奥康云感靴子,奥康,鞋靴,靴子,229.0,0.414,低价,True,False
奥康_0013,奥康舒适款凉鞋,奥康,鞋靴,凉鞋,279.0,0.328,中价,False,False
奥康_0014,奥康极简板鞋,奥康,鞋靴,板鞋,455.0,0.23,高价,False,False
奥康_0015,奥康户外款运动休闲鞋,奥康,鞋靴,运动休闲鞋,314.0,0.541,中价,False,False
奥康_0016,奥康轻量跑步鞋,奥康,鞋靴,跑步鞋,130.0,0.545,低价,False,False
奥康_0017,奥康透气皮鞋,奥康,鞋靴,皮鞋,182.0,0.808,低价,False,False
奥康_0018,奥康限定靴子,奥康,鞋靴,靴子,511.0,0.552,高价,False,True
奥康_0019,奥康暖阳板鞋,奥康,鞋靴,板鞋,373.0,0.702,中价,False,False
奥康_0020,奥康微风跑步鞋,奥康,鞋靴,跑步鞋,460.0,0.57,高价,False,False
奥康_0021,奥康轻氧跑步鞋,奥康,鞋靴,跑步鞋,444.0,0.734,高价,True,True
奥康_0022,奥康暖阳工装鞋,奥康,鞋靴,工装鞋,157.0,0.141,低价,False,False
奥康_0023,奥康科技感板鞋,奥康,鞋靴,板鞋,227.0,0.829,低价,False,False
奥康_0024,奥康科技感跑步鞋,奥康,鞋靴,跑步鞋,469.0,0.825,高价,True,False
奥康_0025,奥康防滑跑步鞋,奥康,鞋靴,跑步鞋,477.0,0.654,高价,False,False
奥康_0026,奥康极简凉鞋,奥康,鞋靴,凉鞋,397.0,0.829,中价,False,False
奥康_0027,奥康轻氧跑步鞋,奥康,鞋靴,跑步鞋,301.0,0.779,中价,False,True
奥康_0028,奥康轻量板鞋,奥康,鞋靴,板鞋,526.0,0.672,高价,False,False
奥康_0029,奥康光感工装鞋,奥康,鞋靴,工装鞋,586.0,0.596,高价,True,False
奥康_0030,奥康防滑帆布鞋,奥康,鞋靴,帆布鞋,388.0,0.683,中价,True,False
奥康_0031,奥康新季帆布鞋,奥康,鞋靴,帆布鞋,408.0,0.633,中价,False,False
奥康_0032,奥康科技感跑步鞋,奥康,鞋靴,跑步鞋,172.0,0.336,低价,False,False
奥康_0033,奥康限定跑步鞋,奥康,鞋靴,跑步鞋,312.0,0.737,中价,False,False
奥康_0034,奥康透气帆布鞋,奥康,鞋靴,帆布鞋,304.0,0.515,中价,False,False
奥康_0035,奥康都市凉鞋,奥康,鞋靴,凉鞋,427.0,0.754,中价,False,False
奥康_0036,奥康都市靴子,奥康,鞋靴,靴子,239.0,0.771,低价,False,False
奥康_0037,奥康暖阳皮鞋,奥康,鞋靴,皮鞋,357.0,0.758,中价,False,False
奥康_0038,奥康限定帆布鞋,奥康,鞋靴,帆布鞋,554.0,0.559,高价,False,False
奥康_0039,奥康光感靴子,奥康,鞋靴,靴子,283.0,0.696,中价,False,False
奥康_0040,奥康云感板鞋,奥康,鞋靴,板鞋,359.0,0.874,中价,False,False
奥康_0041,奥康极简靴子,奥康,鞋靴,靴子,164.0,0.692,低价,False,False
奥康_0042,奥康百搭皮鞋,奥康,鞋靴,皮鞋,533.0,0.696,高价,False,True
奥康_0043,奥康轻量靴子,奥康,鞋靴,靴子,523.0,0.61,高价,False,False
奥康_0044,奥康暖阳皮鞋,奥康,鞋靴,皮鞋,345.0,0.586,中价,False,False
奥康_0045,奥康户外款皮鞋,奥康,鞋靴,皮鞋,261.0,0.377,低价,False,False
奥康_0046,奥康科技感工装鞋,奥康,鞋靴,工装鞋,533.0,0.537,高价,False,True
奥康_0047,奥康科技感工装鞋,奥康,鞋靴,工装鞋,316.0,0.424,中价,False,True
奥康_0048,奥康都市板鞋,奥康,鞋靴,板鞋,199.0,0.439,低价,False,False
奥康_0049,奥康减震皮鞋,奥康,鞋靴,皮鞋,444.0,0.646,高价,False,False
奥康_0050,奥康户外款帆布鞋,奥康,鞋靴,帆布鞋,411.0,0.577,中价,False,False
奥康_0051,奥康舒适款工装鞋,奥康,鞋靴,工装鞋,433.0,0.536,中价,False,True
奥康_0052,奥康科技感凉鞋,奥康,鞋靴,凉鞋,314.0,0.784,中价,False,False
奥康_0053,奥康光感运动休闲鞋,奥康,鞋靴,运动休闲鞋,361.0,0.606,中价,True,False
奥康_0054,奥康舒适款帆布鞋,奥康,鞋靴,帆布鞋,280.0,0.615,中价,False,False
奥康_0055,奥康减震工装鞋,奥康,鞋靴,工装鞋,337.0,0.509,中价,True,False
奥康_0056,奥康微风运动休闲鞋,奥康,鞋靴,运动休闲鞋,444.0,0.849,高价,False,True
奥康_0057,奥康舒适款板鞋,奥康,鞋靴,板鞋,422.0,0.67,中价,False,True
奥康_0058,奥康暖阳帆布鞋,奥康,鞋靴,帆布鞋,272.0,0.492,中价,False,False
奥康_0059,奥康减震跑步鞋,奥康,鞋靴,跑步鞋,319.0,0.548,中价,False,False
奥康_0060,奥康减震运动休闲鞋,奥康,鞋靴,运动休闲鞋,140.0,0.618,低价,False,True
红蜻蜓_0001,红蜻蜓都市靴子,红蜻蜓,鞋靴,靴子,220.0,0.638,低价,False,False
红蜻蜓_0002,红蜻蜓限定工装鞋,红蜻蜓,鞋靴,工装鞋,422.0,0.423,高价,False,False
红蜻蜓_0003,红蜻蜓微风皮鞋,红蜻蜓,鞋靴,皮鞋,227.0,0.492,低价,False,False
红蜻蜓_0004,红蜻蜓极简工装鞋,红蜻蜓,鞋靴,工装鞋,151.0,0.706,低价,False,False
红蜻蜓_0005,红蜻蜓暖阳板鞋,红蜻蜓,鞋靴,板鞋,439.0,0.885,高价,False,True
红蜻蜓_0006,红蜻蜓微风皮鞋,红蜻蜓,鞋靴,皮鞋,186.0,0.314,低价,False,True
红蜻蜓_0007,红蜻蜓减震靴子,红蜻蜓,鞋靴,靴子,392.0,0.59,中价,False,False
红蜻蜓_0008,红蜻蜓限定工装鞋,红蜻蜓,鞋靴,工装鞋,332.0,0.832,中价,False,False
红蜻蜓_0009,红蜻蜓光感皮鞋,红蜻蜓,鞋靴,皮鞋,210.0,0.62,低价,False,False
红蜻蜓_0010,红蜻蜓舒适款板鞋,红蜻蜓,鞋靴,板鞋,319.0,0.776,中价,True,False
红蜻蜓_0011,红蜻蜓防滑跑步鞋,红蜻蜓,鞋靴,跑步鞋,511.0,0.889,高价,False,True
红蜻蜓_0012,红蜻蜓耐磨板鞋,红蜻蜓,鞋靴,板鞋,303.0,0.566,中价,False,False
红蜻蜓_0013,红蜻蜓都市运动休闲鞋,红蜻蜓,鞋靴,运动休闲鞋,231.0,0.697,低价,False,False
红蜻蜓_0014,红蜻蜓都市帆布鞋,红蜻蜓,鞋靴,帆布鞋,324.0,0.46,中价,False,True
红蜻蜓_0015,红蜻蜓复古帆布鞋,红蜻蜓,鞋靴,帆布鞋,223.0,0.251,低价,False,False
红蜻蜓_0016,红蜻蜓舒适款跑步鞋,红蜻蜓,鞋靴,跑步鞋,344.0,0.678,中价,False,False
红蜻蜓_0017,红蜻蜓耐磨凉鞋,红蜻蜓,鞋靴,凉鞋,322.0,0.623,中价,False,False
红蜻蜓_0018,红蜻蜓都市皮鞋,红蜻蜓,鞋靴,皮鞋,447.0,0.42,高价,False,False
红蜻蜓_0019,红蜻蜓科技感帆布鞋,红蜻蜓,鞋靴,帆布鞋,193.0,0.785,低价,False,False
红蜻蜓_0020,红蜻蜓光感皮鞋,红蜻蜓,鞋靴,皮鞋,271.0,0.455,中价,True,False
红蜻蜓_0021,红蜻蜓透气凉鞋,红蜻蜓,鞋靴,凉鞋,347.0,0.846,中价,False,False
红蜻蜓_0022,红蜻蜓耐磨皮鞋,红蜻蜓,鞋靴,皮鞋,221.0,0.875,低价,False,False
红蜻蜓_0023,红蜻蜓舒适款帆布鞋,红蜻蜓,鞋靴,帆布鞋,370.0,0.279,中价,False,False
红蜻蜓_0024,红蜻蜓都市跑步鞋,红蜻蜓,鞋靴,跑步鞋,538.0,0.863,高价,False,False
红蜻蜓_0025,红蜻蜓限定皮鞋,红蜻蜓,鞋靴,皮鞋,527.0,0.558,高价,False,True
红蜻蜓_0026,红蜻蜓防滑帆布鞋,红蜻蜓,鞋靴,帆布鞋,226.0,0.714,低价,False,False
红蜻蜓_0027,红蜻蜓轻氧板鞋,红蜻蜓,鞋靴,板鞋,468.0,0.623,高价,False,False
红蜻蜓_0028,红蜻蜓舒适款板鞋,红蜻蜓,鞋靴,板鞋,150.0,0.575,低价,False,False
红蜻蜓_0029,红蜻蜓经典皮鞋,红蜻蜓,鞋靴,皮鞋,501.0,0.342,高价,True,False
红蜻蜓_0030,红蜻蜓户外款板鞋,红蜻蜓,鞋靴,板鞋,119.0,0.593,低价,False,False
红蜻蜓_0031,红蜻蜓新季靴子,红蜻蜓,鞋靴,靴子,221.0,0.533,低价,False,False
红蜻蜓_0032,红蜻蜓云感皮鞋,红蜻蜓,鞋靴,皮鞋,494.0,0.632,高价,False,False
红蜻蜓_0033,红蜻蜓舒适款帆布鞋,红蜻蜓,鞋靴,帆布鞋,165.0,0.751,低价,False,False
红蜻蜓_0034,红蜻蜓限定帆布鞋,红蜻蜓,鞋靴,帆布鞋,527.0,0.71,高价,False,False
红蜻蜓_0035,红蜻蜓都市运动休闲鞋,红蜻蜓,鞋靴,运动休闲鞋,243.0,0.875,低价,False,True
红蜻蜓_0036,红蜻蜓耐磨皮鞋,红蜻蜓,鞋靴,皮鞋,359.0,0.557,中价,False,False
红蜻蜓_0037,红蜻蜓云感跑步鞋,红蜻蜓,鞋靴,跑步鞋,528.0,0.63,高价,False,False
红蜻蜓_0038,红蜻蜓轻量皮鞋,红蜻蜓,鞋靴,皮鞋,206.0,0.544,低价,False,False
红蜻蜓_0039,红蜻蜓减震皮鞋,红蜻蜓,鞋靴,皮鞋,166.0,0.454,低价,False,False
红蜻蜓_0040,红蜻蜓防滑运动休闲鞋,红蜻蜓,鞋靴,运动休闲鞋,148.0,0.821,低价,False,False
红蜻蜓_0041,红蜻蜓新季板鞋,红蜻蜓,鞋靴,板鞋,259.0,0.587,中价,False,False
红蜻蜓_0042,红蜻蜓耐磨工装鞋,红蜻蜓,鞋靴,工装鞋,194.0,0.915,低价,False,False
红蜻蜓_0043,红蜻蜓减震凉鞋,红蜻蜓,鞋靴,凉鞋,277.0,0.861,中价,False,False
红蜻蜓_0044,红蜻蜓复古靴子,红蜻蜓,鞋靴,靴子,390.0,0.82,中价,False,False
红蜻蜓_0045,红蜻蜓舒适款靴子,红蜻蜓,鞋靴,靴子,538.0,0.695,高价,False,False
红蜻蜓_0046,红蜻蜓经典工装鞋,红蜻蜓,鞋靴,工装鞋,124.0,0.614,低价,False,False
红蜻蜓_0047,红蜻蜓科技感板鞋,红蜻蜓,鞋靴,板鞋,311.0,0.311,中价,False,False
红蜻蜓_0048,红蜻蜓减震工装鞋,红蜻蜓,鞋靴,工装鞋,491.0,0.697,高价,False,False
红蜻蜓_0049,红蜻蜓透气凉鞋,红蜻蜓,鞋靴,凉鞋,171.0,0.527,低价,False,False
红蜻蜓_0050,红蜻蜓轻量跑步鞋,红蜻蜓,鞋靴,跑步鞋,241.0,0.559,低价,False,False
红蜻蜓_0051,红蜻蜓耐磨靴子,红蜻蜓,鞋靴,靴子,500.0,0.877,高价,True,False
红蜻蜓_0052,红蜻蜓百搭皮鞋,红蜻蜓,鞋靴,皮鞋,216.0,0.687,低价,False,False
红蜻蜓_0053,红蜻蜓户外款运动休闲鞋,红蜻蜓,鞋靴,运动休闲鞋,354.0,0.652,中价,False,False
红蜻蜓_0054,红蜻蜓复古板鞋,红蜻蜓,鞋靴,板鞋,228.0,0.721,低价,False,False
红蜻蜓_0055,红蜻蜓限定帆布鞋,红蜻蜓,鞋靴,帆布鞋,330.0,0.622,中价,False,False
奥卡索_0001,奥卡索舒适款帆布鞋,奥卡索,鞋靴,帆布鞋,478.0,0.451,高价,False,False
奥卡索_0002,奥卡索轻量帆布鞋,奥卡索,鞋靴,帆布鞋,317.0,0.496,中价,False,False
奥卡索_0003,奥卡索减震凉鞋,奥卡索,鞋靴,凉鞋,299.0,0.55,中价,True,False
奥卡索_0004,奥卡索防滑皮鞋,奥卡索,鞋靴,皮鞋,168.0,0.6,低价,False,False
奥卡索_0005,奥卡索新季帆布鞋,奥卡索,鞋靴,帆布鞋,493.0,0.391,高价,False,False
奥卡索_0006,奥卡索光感工装鞋,奥卡索,鞋靴,工装鞋,178.0,0.715,低价,False,False
奥卡索_0007,奥卡索防滑运动休闲鞋,奥卡索,鞋靴,运动休闲鞋,333.0,0.651,中价,False,False
奥卡索_0008,奥卡索透气运动休闲鞋,奥卡索,鞋靴,运动休闲鞋,133.0,0.443,低价,False,False
奥卡索_0009,奥卡索新季板鞋,奥卡索,鞋靴,板鞋,203.0,0.703,低价,False,False
奥卡索_0010,奥卡索暖阳跑步鞋,奥卡索,鞋靴,跑步鞋,244.0,0.707,中价,False,True
奥卡索_0011,奥卡索新季板鞋,奥卡索,鞋靴,板鞋,311.0,0.747,中价,True,False
奥卡索_0012,奥卡索都市运动休闲鞋,奥卡索,鞋靴,运动休闲鞋,272.0,0.354,中价,False,False
奥卡索_0013,奥卡索都市帆布鞋,奥卡索,鞋靴,帆布鞋,120.0,0.586,低价,False,False
奥卡索_0014,奥卡索云感皮鞋,奥卡索,鞋靴,皮鞋,137.0,0.641,低价,False,True
奥卡索_0015,奥卡索舒适款运动休闲鞋,奥卡索,鞋靴,运动休闲鞋,112.0,0.39,低价,False,False
奥卡索_0016,奥卡索云感工装鞋,奥卡索,鞋靴,工装鞋,170.0,0.627,低价,False,False
奥卡索_0017,奥卡索减震工装鞋,奥卡索,鞋靴,工装鞋,171.0,0.57,低价,False,False
奥卡索_0018,奥卡索暖阳运动休闲鞋,奥卡索,鞋靴,运动休闲鞋,401.0,0.8,高价,False,False
奥卡索_0019,奥卡索百搭运动休闲鞋,奥卡索,鞋靴,运动休闲鞋,317.0,0.378,中价,True,False
奥卡索_0020,奥卡索云感靴子,奥卡索,鞋靴,靴子,329.0,0.732,中价,False,False
奥卡索_0021,奥卡索极简跑步鞋,奥卡索,鞋靴,跑步鞋,399.0,0.76,高价,False,False
奥卡索_0022,奥卡索新季凉鞋,奥卡索,鞋靴,凉鞋,312.0,0.558,中价,False,False
奥卡索_0023,奥卡索极简凉鞋,奥卡索,鞋靴,凉鞋,166.0,0.426,低价,False,False
奥卡索_0024,奥卡索新季运动休闲鞋,奥卡索,鞋靴,运动休闲鞋,255.0,0.746,中价,False,False
奥卡索_0025,奥卡索耐磨跑步鞋,奥卡索,鞋靴,跑步鞋,443.0,0.426,高价,False,False
奥卡索_0026,奥卡索暖阳工装鞋,奥卡索,鞋靴,工装鞋,204.0,0.785,低价,False,False
奥卡索_0027,奥卡索户外款帆布鞋,奥卡索,鞋靴,帆布鞋,218.0,0.908,低价,False,False
奥卡索_0028,奥卡索限定运动休闲鞋,奥卡索,鞋靴,运动休闲鞋,140.0,0.429,低价,False,False
奥卡索_0029,奥卡索云感靴子,奥卡索,鞋靴,靴子,492.0,0.359,高价,False,False
奥卡索_0030,奥卡索防滑凉鞋,奥卡索,鞋靴,凉鞋,232.0,0.702,中价,False,False
奥卡索_0031,奥卡索耐磨运动休闲鞋,奥卡索,鞋靴,运动休闲鞋,338.0,0.571,中价,False,True
奥卡索_0032,奥卡索新季板鞋,奥卡索,鞋靴,板鞋,479.0,0.553,高价,False,False
奥卡索_0033,奥卡索轻量跑步鞋,奥卡索,鞋靴,跑步鞋,193.0,0.603,低价,False,False
奥卡索_0034,奥卡索限定帆布鞋,奥卡索,鞋靴,帆布鞋,270.0,0.451,中价,False,False
奥卡索_0035,奥卡索暖阳板鞋,奥卡索,鞋靴,板鞋,198.0,0.347,低价,False,False
奥卡索_0036,奥卡索透气运动休闲鞋,奥卡索,鞋靴,运动休闲鞋,300.0,0.567,中价,False,False
奥卡索_0037,奥卡索微风工装鞋,奥卡索,鞋靴,工装鞋,248.0,0.576,中价,False,False
奥卡索_0038,奥卡索光感跑步鞋,奥卡索,鞋靴,跑步鞋,263.0,0.476,中价,False,True
奥卡索_0039,奥卡索轻氧凉鞋,奥卡索,鞋靴,凉鞋,222.0,0.548,低价,False,False
奥卡索_0040,奥卡索暖阳板鞋,奥卡索,鞋靴,板鞋,396.0,0.704,高价,False,False
奥卡索_0041,奥卡索新季板鞋,奥卡索,鞋靴,板鞋,255.0,0.502,中价,False,False
奥卡索_0042,奥卡索科技感帆布鞋,奥卡索,鞋靴,帆布鞋,186.0,0.734,低价,False,False
朴西_0001,朴西云感板鞋,朴西,鞋靴,板鞋,148.0,0.572,低价,False,False
朴西_0002,朴西光感运动休闲鞋,朴西,鞋靴,运动休闲鞋,228.0,0.821,中价,False,False
朴西_0003,朴西轻量板鞋,朴西,鞋靴,板鞋,275.0,0.583,中价,False,False
朴西_0004,朴西户外款工装鞋,朴西,鞋靴,工装鞋,418.0,0.295,高价,False,True
朴西_0005,朴西云感皮鞋,朴西,鞋靴,皮鞋,146.0,0.925,低价,False,False
朴西_0006,朴西减震帆布鞋,朴西,鞋靴,帆布鞋,369.0,0.837,高价,False,False
朴西_0007,朴西舒适款运动休闲鞋,朴西,鞋靴,运动休闲鞋,117.0,0.725,低价,False,False
朴西_0008,朴西微风靴子,朴西,鞋靴,靴子,253.0,0.735,中价,False,False
朴西_0009,朴西微风靴子,朴西,鞋靴,靴子,239.0,0.537,中价,False,False
朴西_0010,朴西舒适款板鞋,朴西,鞋靴,板鞋,232.0,0.639,中价,False,False
朴西_0011,朴西复古跑步鞋,朴西,鞋靴,跑步鞋,171.0,0.891,低价,False,False
朴西_0012,朴西百搭工装鞋,朴西,鞋靴,工装鞋,360.0,0.663,高价,False,False
朴西_0013,朴西经典运动休闲鞋,朴西,鞋靴,运动休闲鞋,250.0,0.665,中价,False,False
朴西_0014,朴西光感凉鞋,朴西,鞋靴,凉鞋,241.0,0.769,中价,False,False
朴西_0015,朴西都市运动休闲鞋,朴西,鞋靴,运动休闲鞋,151.0,0.856,低价,False,False
朴西_0016,朴西极简凉鞋,朴西,鞋靴,凉鞋,284.0,0.905,中价,False,False
朴西_0017,朴西防滑板鞋,朴西,鞋靴,板鞋,291.0,0.434,中价,True,False
朴西_0018,朴西减震跑步鞋,朴西,鞋靴,跑步鞋,258.0,0.836,中价,False,False
朴西_0019,朴西都市跑步鞋,朴西,鞋靴,跑步鞋,249.0,0.423,中价,False,False
朴西_0020,朴西户外款皮鞋,朴西,鞋靴,皮鞋,349.0,0.592,高价,True,False
朴西_0021,朴西光感工装鞋,朴西,鞋靴,工装鞋,438.0,0.791,高价,False,True
朴西_0022,朴西暖阳凉鞋,朴西,鞋靴,凉鞋,184.0,0.374,低价,True,False
朴西_0023,朴西暖阳跑步鞋,朴西,鞋靴,跑步鞋,281.0,0.465,中价,False,False
朴西_0024,朴西耐磨跑步鞋,朴西,鞋靴,跑步鞋,306.0,0.681,中价,False,False
朴西_0025,朴西复古皮鞋,朴西,鞋靴,皮鞋,183.0,0.416,低价,False,False
朴西_0026,朴西都市凉鞋,朴西,鞋靴,凉鞋,286.0,0.656,中价,False,False
朴西_0027,朴西暖阳帆布鞋,朴西,鞋靴,帆布鞋,221.0,0.522,中价,False,False
朴西_0028,朴西舒适款板鞋,朴西,鞋靴,板鞋,208.0,0.556,中价,False,False
朴西_0029,朴西减震凉鞋,朴西,鞋靴,凉鞋,207.0,0.311,中价,True,False
朴西_0030,朴西轻量跑步鞋,朴西,鞋靴,跑步鞋,120.0,0.483,低价,False,False
朴西_0031,朴西光感工装鞋,朴西,鞋靴,工装鞋,373.0,0.725,高价,False,False
朴西_0032,朴西微风工装鞋,朴西,鞋靴,工装鞋,196.0,0.827,低价,False,False
朴西_0033,朴西耐磨板鞋,朴西,鞋靴,板鞋,315.0,0.407,中价,False,False
朴西_0034,朴西百搭跑步鞋,朴西,鞋靴,跑步鞋,321.0,0.277,中价,False,False
朴西_0035,朴西暖阳运动休闲鞋,朴西,鞋靴,运动休闲鞋,214.0,0.7,中价,True,False
西遇_0001,西遇光感跑步鞋,西遇,鞋靴,跑步鞋,238.0,0.862,中价,False,False
西遇_0002,西遇轻氧皮鞋,西遇,鞋靴,皮鞋,234.0,0.473,中价,False,True
西遇_0003,西遇耐磨皮鞋,西遇,鞋靴,皮鞋,149.0,0.714,低价,False,False
西遇_0004,西遇微风工装鞋,西遇,鞋靴,工装鞋,238.0,0.73,中价,False,False
西遇_0005,西遇暖阳皮鞋,西遇,鞋靴,皮鞋,192.0,0.76,中价,False,False
西遇_0006,西遇光感靴子,西遇,鞋靴,靴子,318.0,0.596,高价,False,False
西遇_0007,西遇透气板鞋,西遇,鞋靴,板鞋,182.0,0.36,低价,False,False
西遇_0008,西遇耐磨运动休闲鞋,西遇,鞋靴,运动休闲鞋,294.0,0.344,高价,False,False
西遇_0009,西遇减震皮鞋,西遇,鞋靴,皮鞋,291.0,0.633,高价,False,False
西遇_0010,西遇光感板鞋,西遇,鞋靴,板鞋,239.0,0.655,中价,True,True
西遇_0011,西遇暖阳工装鞋,西遇,鞋靴,工装鞋,151.0,0.497,低价,True,False
西遇_0012,西遇限定皮鞋,西遇,鞋靴,皮鞋,201.0,0.693,中价,False,False
西遇_0013,西遇透气板鞋,西遇,鞋靴,板鞋,209.0,0.676,中价,False,False
西遇_0014,西遇百搭板鞋,西遇,鞋靴,板鞋,125.0,0.549,低价,False,False
西遇_0015,西遇极简靴子,西遇,鞋靴,靴子,237.0,0.764,中价,False,False
西遇_0016,西遇轻量运动休闲鞋,西遇,鞋靴,运动休闲鞋,231.0,0.309,中价,True,False
西遇_0017,西遇限定工装鞋,西遇,鞋靴,工装鞋,293.0,0.573,高价,False,False
西遇_0018,西遇复古跑步鞋,西遇,鞋靴,跑步鞋,176.0,0.47,低价,False,False
西遇_0019,西遇百搭帆布鞋,西遇,鞋靴,帆布鞋,110.0,0.427,低价,True,True
西遇_0020,西遇减震凉鞋,西遇,鞋靴,凉鞋,389.0,0.669,高价,False,False
西遇_0021,西遇耐磨靴子,西遇,鞋靴,靴子,393.0,0.248,高价,False,False
西遇_0022,西遇户外款凉鞋,西遇,鞋靴,凉鞋,308.0,0.624,高价,False,False
西遇_0023,西遇极简靴子,西遇,鞋靴,靴子,189.0,0.34,中价,False,False
西遇_0024,西遇暖阳皮鞋,西遇,鞋靴,皮鞋,117.0,0.606,低价,False,False
西遇_0025,西遇轻量工装鞋,西遇,鞋靴,工装鞋,102.0,0.971,低价,False,True
西遇_0026,西遇暖阳工装鞋,西遇,鞋靴,工装鞋,167.0,0.7,低价,True,False
西遇_0027,西遇光感板鞋,西遇,鞋靴,板鞋,252.0,0.241,中价,True,True
西遇_0028,西遇复古帆布鞋,西遇,鞋靴,帆布鞋,313.0,0.684,高价,False,False
西遇_0029,西遇舒适款凉鞋,西遇,鞋靴,凉鞋,235.0,0.648,中价,False,False
西遇_0030,西遇轻量皮鞋,西遇,鞋靴,皮鞋,114.0,0.412,低价,False,True
百田森_0001,百田森限定板鞋,百田森,鞋靴,板鞋,249.0,0.557,中价,False,False
百田森_0002,百田森极简靴子,百田森,鞋靴,靴子,226.0,0.709,中价,False,False
百田森_0003,百田森云感靴子,百田森,鞋靴,靴子,221.0,0.753,中价,False,False
百田森_0004,百田森户外款靴子,百田森,鞋靴,靴子,199.0,0.375,中价,False,False
百田森_0005,百田森光感运动休闲鞋,百田森,鞋靴,运动休闲鞋,254.0,0.8,中价,False,False
百田森_0006,百田森减震板鞋,百田森,鞋靴,板鞋,229.0,0.689,中价,False,False
百田森_0007,百田森耐磨皮鞋,百田森,鞋靴,皮鞋,222.0,0.701,中价,True,False
百田森_0008,百田森暖阳帆布鞋,百田森,鞋靴,帆布鞋,179.0,0.592,中价,False,False
百田森_0009,百田森透气凉鞋,百田森,鞋靴,凉鞋,183.0,0.6,中价,False,False
百田森_0010,百田森限定工装鞋,百田森,鞋靴,工装鞋,241.0,0.467,中价,False,False
百田森_0011,百田森防滑跑步鞋,百田森,鞋靴,跑步鞋,97.0,0.739,低价,False,False
百田森_0012,百田森云感帆布鞋,百田森,鞋靴,帆布鞋,317.0,0.365,高价,False,False
百田森_0013,百田森暖阳板鞋,百田森,鞋靴,板鞋,225.0,0.747,中价,False,False
百田森_0014,百田森减震工装鞋,百田森,鞋靴,工装鞋,310.0,0.356,高价,False,False
百田森_0015,百田森云感板鞋,百田森,鞋靴,板鞋,123.0,0.651,低价,False,False
百田森_0016,百田森云感皮鞋,百田森,鞋靴,皮鞋,102.0,0.527,低价,False,False
百田森_0017,百田森限定跑步鞋,百田森,鞋靴,跑步鞋,152.0,0.741,低价,True,False
百田森_0018,百田森极简运动休闲鞋,百田森,鞋靴,运动休闲鞋,196.0,0.619,中价,False,False
百田森_0019,百田森舒适款皮鞋,百田森,鞋靴,皮鞋,160.0,0.827,低价,True,False
百田森_0020,百田森轻量皮鞋,百田森,鞋靴,皮鞋,235.0,0.448,中价,False,False
百田森_0021,百田森新季板鞋,百田森,鞋靴,板鞋,194.0,0.268,中价,True,False
百田森_0022,百田森限定板鞋,百田森,鞋靴,板鞋,168.0,0.662,中价,False,False
百田森_0023,百田森暖阳凉鞋,百田森,鞋靴,凉鞋,269.0,0.708,高价,False,False
百田森_0024,百田森经典凉鞋,百田森,鞋靴,凉鞋,182.0,0.716,中价,False,False
百田森_0025,百田森云感凉鞋,百田森,鞋靴,凉鞋,190.0,0.623,中价,False,False
百田森_0026,百田森耐磨凉鞋,百田森,鞋靴,凉鞋,134.0,0.821,低价,False,True
百田森_0027,百田森限定帆布鞋,百田森,鞋靴,帆布鞋,298.0,0.523,高价,False,True
百田森_0028,百田森科技感皮鞋,百田森,鞋靴,皮鞋,138.0,0.694,低价,False,False
康莉_0001,康莉轻量皮鞋,康莉,鞋靴,皮鞋,222.0,0.716,中价,True,False
康莉_0002,康莉科技感板鞋,康莉,鞋靴,板鞋,218.0,0.499,中价,False,False
康莉_0003,康莉轻氧运动休闲鞋,康莉,鞋靴,运动休闲鞋,122.0,0.927,低价,False,False
康莉_0004,康莉微风帆布鞋,康莉,鞋靴,帆布鞋,173.0,0.617,中价,False,False
康莉_0005,康莉经典凉鞋,康莉,鞋靴,凉鞋,180.0,0.617,中价,False,False
康莉_0006,康莉耐磨跑步鞋,康莉,鞋靴,跑步鞋,173.0,0.601,中价,False,True
康莉_0007,康莉户外款运动休闲鞋,康莉,鞋靴,运动休闲鞋,170.0,0.782,中价,True,True
康莉_0008,康莉舒适款凉鞋,康莉,鞋靴,凉鞋,113.0,0.61,低价,False,False
康莉_0009,康莉新季工装鞋,康莉,鞋靴,工装鞋,256.0,0.312,高价,True,False
康莉_0010,康莉舒适款跑步鞋,康莉,鞋靴,跑步鞋,195.0,0.922,中价,False,False
康莉_0011,康莉暖阳工装鞋,康莉,鞋靴,工装鞋,219.0,0.506,中价,False,False
康莉_0012,康莉轻量运动休闲鞋,康莉,鞋靴,运动休闲鞋,121.0,0.584,低价,False,False
康莉_0013,康莉防滑工装鞋,康莉,鞋靴,工装鞋,219.0,0.765,中价,True,False
康莉_0014,康莉减震工装鞋,康莉,鞋靴,工装鞋,77.0,0.303,低价,True,False
康莉_0015,康莉都市靴子,康莉,鞋靴,靴子,149.0,0.763,中价,False,False
康莉_0016,康莉都市皮鞋,康莉,鞋靴,皮鞋,149.0,0.482,中价,True,False
康莉_0017,康莉光感板鞋,康莉,鞋靴,板鞋,134.0,0.633,低价,False,False
康莉_0018,康莉云感跑步鞋,康莉,鞋靴,跑步鞋,95.0,0.422,低价,False,False
康莉_0019,康莉限定板鞋,康莉,鞋靴,板鞋,174.0,0.432,中价,False,False
康莉_0020,康莉都市帆布鞋,康莉,鞋靴,帆布鞋,103.0,0.479,低价,True,False
康莉_0021,康莉减震靴子,康莉,鞋靴,靴子,277.0,0.474,高价,False,False
康莉_0022,康莉百搭帆布鞋,康莉,鞋靴,帆布鞋,288.0,0.536,高价,False,False
康莉_0023,康莉新季工装鞋,康莉,鞋靴,工装鞋,288.0,0.848,高价,False,False
康莉_0024,康莉极简皮鞋,康莉,鞋靴,皮鞋,250.0,0.885,高价,False,False
康莉_0025,康莉舒适款运动休闲鞋,康莉,鞋靴,运动休闲鞋,157.0,0.761,中价,False,False
康莉_0026,康莉耐磨跑步鞋,康莉,鞋靴,跑步鞋,87.0,0.829,低价,False,False
ZHR_0001,ZHR新季跑步鞋,ZHR,鞋靴,跑步鞋,103.0,0.465,低价,False,False
ZHR_0002,ZHR都市皮鞋,ZHR,鞋靴,皮鞋,276.0,0.512,高价,False,False
ZHR_0003,ZHR经典板鞋,ZHR,鞋靴,板鞋,175.0,0.376,中价,False,True
ZHR_0004,ZHR户外款皮鞋,ZHR,鞋靴,皮鞋,247.0,0.928,高价,False,False
ZHR_0005,ZHR户外款工装鞋,ZHR,鞋靴,工装鞋,108.0,0.605,低价,False,False
ZHR_0006,ZHR户外款凉鞋,ZHR,鞋靴,凉鞋,243.0,0.805,高价,True,False
ZHR_0007,ZHR暖阳运动休闲鞋,ZHR,鞋靴,运动休闲鞋,160.0,0.608,中价,False,False
ZHR_0008,ZHR限定跑步鞋,ZHR,鞋靴,跑步鞋,228.0,0.555,高价,False,False
ZHR_0009,ZHR新季工装鞋,ZHR,鞋靴,工装鞋,113.0,0.609,低价,False,False
ZHR_0010,ZHR科技感靴子,ZHR,鞋靴,靴子,99.0,0.696,低价,False,False
ZHR_0011,ZHR微风板鞋,ZHR,鞋靴,板鞋,129.0,0.675,低价,False,True
ZHR_0012,ZHR舒适款运动休闲鞋,ZHR,鞋靴,运动休闲鞋,133.0,0.47,低价,False,False
ZHR_0013,ZHR耐磨工装鞋,ZHR,鞋靴,工装鞋,125.0,0.645,低价,True,False
ZHR_0014,ZHR舒适款工装鞋,ZHR,鞋靴,工装鞋,98.0,0.526,低价,False,False
ZHR_0015,ZHR极简运动休闲鞋,ZHR,鞋靴,运动休闲鞋,212.0,0.586,中价,False,False
ZHR_0016,ZHR云感跑步鞋,ZHR,鞋靴,跑步鞋,135.0,0.416,低价,False,False
ZHR_0017,ZHR光感凉鞋,ZHR,鞋靴,凉鞋,181.0,0.945,中价,True,False
ZHR_0018,ZHR光感跑步鞋,ZHR,鞋靴,跑步鞋,107.0,0.318,低价,False,False
ZHR_0019,ZHR透气运动休闲鞋,ZHR,鞋靴,运动休闲鞋,203.0,0.64,中价,False,False
ZHR_0020,ZHR科技感运动休闲鞋,ZHR,鞋靴,运动休闲鞋,132.0,0.699,低价,True,False
ZHR_0021,ZHR光感靴子,ZHR,鞋靴,靴子,200.0,0.546,中价,False,False
ZHR_0022,ZHR暖阳凉鞋,ZHR,鞋靴,凉鞋,212.0,0.416,中价,False,False
ZHR_0023,ZHR限定跑步鞋,ZHR,鞋靴,跑步鞋,128.0,0.866,低价,True,False
ZHR_0024,ZHR复古工装鞋,ZHR,鞋靴,工装鞋,209.0,0.525,中价,False,False
